route_id,date,month,BPI,route_short_name,route_long_name
S6060,2026-04-01,2026-04,0,PAVILION BUKIT JALIL (PAVBJ),Stesen LRT Awan Besar ~ Pavilion Bukit Jalil
T2000,2026-04-01,2026-04,0.8263,T200,Stesen LRT Gombak ~ UIA Gombak
T2010,2026-04-01,2026-04,0.8715,T201,Stesen LRT Gombak ~ Hab Wira Damai
T2230,2026-04-01,2026-04,0.9674,T223,"Stesen LRT Setiawangsa ~ AU3, Jentayu, Keramat"
T2500,2026-04-01,2026-04,0.8108,T250,Stesen LRT Wangsa Maju ~ Setapak Sentral
T2510,2026-04-01,2026-04,0,T251,Stesen LRT Sri Rampai ~ Seksyen 10 Wangsa Maju
T3008,2026-04-01,2026-04,0,T300,Bukit Indah ~ Ampang Point via Jalan Rasmi
T3028,2026-04-01,2026-04,0.7637,T302,Hutan Lipur Ampang ~ Ampang Point
T3048,2026-04-01,2026-04,0.2411,T304,Bukit Indah ~ Ampang Point via Jalan Ampang
T4068,2026-04-01,2026-04,0.1277,T406,Cheras Batu 10 ~ Pangsun
T5718,2026-04-01,2026-04,0.7772,T571,Stesen KTM Serdang ~ Taman Sri Pulai
T5800,2026-04-01,2026-04,0.5822,T580,Stesen LRT Awan Besar ~ TPM via Stesen LRT Bukit Jalil
T5810,2026-04-01,2026-04,0.8736,T581,Stesen LRT Alam Sutera ~ PPR Pinggiran Bukit Jalil
T6000,2026-04-01,2026-04,0.6228,T600,Stesen LRT IOI Puchong ~ Taman Wawasan
T6010,2026-04-01,2026-04,0.9588,T601,Puchong Utama ~ Puchong Prima
T6030,2026-04-01,2026-04,0.8033,T603,Stesen LRT Puchong Prima ~ Taman Mas Sepang
T6040,2026-04-01,2026-04,0.9478,T604,Stesen LRT Perindustrian Puchong ~ Taman Kinrara
T6050,2026-04-01,2026-04,0.9688,T605,Stesen LRT Bandar Puteri ~ Taman Wawasan
T6400,2026-04-01,2026-04,0.6914,T640,Stesen LRT Taman Jaya ~ Taman Sri Sentosa
T7158,2026-04-01,2026-04,0.7568,T715,UiTM Puncak Alam ~ Bandar Puncak Alam
T7548,2026-04-01,2026-04,0,T754,Hentian Bandar Shah Alam ~ Terminal Seksyen 17
T7568,2026-04-01,2026-04,0.5726,T756,Kemuning Business Park ~ Hentian Bandar via Taman Muda
T7740,2026-04-01,2026-04,0.7802,T774,"Stesen LRT Glenmarie ~ MSU, Stadium Shah Alam"
T7800,2026-04-01,2026-04,0.8636,T780,Stesen LRT BU 11 ~ Stesen LRT Kelana Jaya
T7810,2026-04-01,2026-04,0.4709,T781,Stesen LRT Kelana Jaya ~ Stesen LRT Subang
T7820,2026-04-01,2026-04,0,T782,Stesen LRT Lembah Subang ~ Ara Damansara
T7860,2026-04-01,2026-04,0.9217,T786,Stesen LRT Asia Jaya ~ Stesen MRT Phileo Damansara
T7870,2026-04-01,2026-04,0.9345,T787,Stesen LRT Asia Jaya ~ Seksyen 14 & 18
T7890,2026-04-01,2026-04,0.871,T789,Stesen LRT Universiti ~ Universiti Malaya via Pantai Hillpark
T7900,2026-04-01,2026-04,0.2359,T790,Stesen LRT Paramount ~ Mid Valley
T7910,2026-04-01,2026-04,0.8634,T791,Stesen LRT Kerinchi ~ Pantai Hill Park
T8500,2026-04-01,2026-04,1,T850,Stesen LRT Bangsar ~ Stesen MRT Semantan
U1510,2026-04-01,2026-04,0.6353,151,Bandar Baru Selayang ~ Hab Pasar Seni
U1710,2026-04-01,2026-04,0.7035,171,Hab Wira Damai ~ Lebuh Ampang via Sentul
U1730,2026-04-01,2026-04,0.8434,173,Taman Jasa Utama ~ Lebuh Ampang
U1800,2026-04-01,2026-04,0.7889,180,Taman Dato' Senu ~ Hab Pasar Seni
U1900,2026-04-01,2026-04,0.8422,190,Desa Sri Hartamas ~ Lin Ho Jln Lekiu
U2000,2026-04-01,2026-04,0.3976,200,UIA Gombak ~ SOGO KL
U2018,2026-04-01,2026-04,0.5,201,Batu 12 Gombak – SOGO KL
U2020,2026-04-01,2026-04,0.8225,202,Hub Wira Damai ~ Lebuh Ampang via Gombak
U2200,2026-04-01,2026-04,0.3976,220,Taman Melawati ~ Lebuh Ampang
U2220,2026-04-01,2026-04,0.7149,222,Taman Melawati ~ Stesen LRT Wangsa Maju
U2500,2026-04-01,2026-04,0.8925,250,Stesen LRT Wangsa Maju ~ Lebuh Ampang
U2510,2026-04-01,2026-04,0.7942,251,AU3 Jentayu ~ Chow Kit
U2538,2026-04-01,2026-04,0.5312,253,Stesen LRT Wangsa Maju ~ Ampang Point
U2548,2026-04-01,2026-04,0.6006,254,Ayer Panas ~ Titiwangsa via Chowkit
U3000,2026-04-01,2026-04,0.8111,300,Terminal Maluri ~ Lebuh Ampang
U3020,2026-04-01,2026-04,0.8268,302,Titiwangsa ~ KLCC
U3030,2026-04-01,2026-04,0.8755,303,Taman Mulia Jaya ~ Lebuh Ampang
U4000,2026-04-01,2026-04,0,400,Damai Perdana ~ Hab Pasar Seni via Bukit Bintang
U4200,2026-04-01,2026-04,0.7468,420,Hentian Taman Dagang ~ Menara Maybank via Bukit Bintang
U4210,2026-04-01,2026-04,0.7974,421,Hentian Taman Dagang ~ Menara Maybank via Bukit Bintang
U4500,2026-04-01,2026-04,0.75,450,Hentian Kajang ~ Hab Pasar Seni
U5410,2026-04-01,2026-04,0,541,Stesen MRT Taman Equine ~ Stesen LRT BK 5
U5800,2026-04-01,2026-04,0,580,Desa Petaling ~ Pasar Seni via Stesen LRT Salak Selatan
U5810,2026-04-01,2026-04,0.598,581,Desa Tasik ~ Stesen LRT Bandar Tasik Selatan
U5900,2026-04-01,2026-04,0.8803,590,Bandar Sungai Long ~ Hab Pasar Seni
U6000,2026-04-01,2026-04,0.6338,600,Puchong Utama ~ Hab Pasar Seni
U6400,2026-04-01,2026-04,0.8116,640,Hab Bas Sri Manja ~ Hab Pasar Seni
U6418,2026-04-01,2026-04,0.8218,641,Stesen LRT Subang Jaya ~ Pearl Point
U6500,2026-04-01,2026-04,0.8301,650,Taman Desa ~ Hab Pasar Seni
U6510,2026-04-01,2026-04,0,651,Stesen LRT Muhibbah ~Pearl Point
U6520,2026-04-01,2026-04,0.9177,652,Stesen LRT Awan Besar ~Batu 3 Jalan Klang Lama
U7508,2026-04-01,2026-04,0.8636,750,Hab Sekysen 2 ~ Hab Pasar Seni
U7510,2026-04-01,2026-04,0.5949,751,Taman Sri Muda ~ Hab Pasar Seni
U7520,2026-04-01,2026-04,0.7361,752,Stesen LRT Putra Height ~ Hentian Bandar Shah Alam
U7538,2026-04-01,2026-04,0.9716,753,Hentian Bandar Shah Alam ~ UiTM Puncak Alam
U7548,2026-04-01,2026-04,0,754,LRT Stadium Shah Alam ~ UITM Puncak Perdana
U7700,2026-04-01,2026-04,0.551,770,Subang Mewah USJ 1 ~ Hab Pasar Seni
U7718,2026-04-01,2026-04,0.5013,771,Subang Mewah USJ 1 ~ Desa Mentari via Persiaran Tujuan
U7720,2026-04-01,2026-04,0.745,772,Subang Suria Mah Sing ~ Hab Pasar Seni
U7800,2026-04-01,2026-04,0.9408,780,Kota Damansara ~ Hab Pasar Seni
U7828,2026-04-01,2026-04,0.7662,782,Hentian PJ Old Town ~ Hab Pasar Seni
U7830,2026-04-01,2026-04,0.6201,783,Stesen LRT Kelana Jaya ~ Subang Parade
U8210,2026-04-01,2026-04,0.7895,821,Pantai Hill Park ~ Hab Pasar Seni
U8220,2026-04-01,2026-04,0,822,Stesen LRT Bangsar ~ Bangsar Shopping Centre
S6060,2026-04-02,2026-04,0,PAVILION BUKIT JALIL (PAVBJ),Stesen LRT Awan Besar ~ Pavilion Bukit Jalil
T2000,2026-04-02,2026-04,0.6149,T200,Stesen LRT Gombak ~ UIA Gombak
T2010,2026-04-02,2026-04,0.8963,T201,Stesen LRT Gombak ~ Hab Wira Damai
T2230,2026-04-02,2026-04,0.9843,T223,"Stesen LRT Setiawangsa ~ AU3, Jentayu, Keramat"
T2500,2026-04-02,2026-04,0.7699,T250,Stesen LRT Wangsa Maju ~ Setapak Sentral
T2510,2026-04-02,2026-04,0.7377,T251,Stesen LRT Sri Rampai ~ Seksyen 10 Wangsa Maju
T3008,2026-04-02,2026-04,0.8364,T300,Bukit Indah ~ Ampang Point via Jalan Rasmi
T3018,2026-04-02,2026-04,0.9529,T301,Taman Mulia Jaya ~ Ampang Point via Jalan Merdeka
T3028,2026-04-02,2026-04,0.7579,T302,Hutan Lipur Ampang ~ Ampang Point
T3048,2026-04-02,2026-04,0,T304,Bukit Indah ~ Ampang Point via Jalan Ampang
T3510,2026-04-02,2026-04,0.8745,T351,Stesen LRT Cempaka ~ Taman Bukit Permai
T4068,2026-04-02,2026-04,0.8606,T406,Cheras Batu 10 ~ Pangsun
T5718,2026-04-02,2026-04,0.5225,T571,Stesen KTM Serdang ~ Taman Sri Pulai
T5800,2026-04-02,2026-04,0.6772,T580,Stesen LRT Awan Besar ~ TPM via Stesen LRT Bukit Jalil
T5810,2026-04-02,2026-04,0.8442,T581,Stesen LRT Alam Sutera ~ PPR Pinggiran Bukit Jalil
T6000,2026-04-02,2026-04,0.5895,T600,Stesen LRT IOI Puchong ~ Taman Wawasan
T6010,2026-04-02,2026-04,0.9512,T601,Puchong Utama ~ Puchong Prima
T6030,2026-04-02,2026-04,0,T603,Stesen LRT Puchong Prima ~ Taman Mas Sepang
T6040,2026-04-02,2026-04,0.8368,T604,Stesen LRT Perindustrian Puchong ~ Taman Kinrara
T6050,2026-04-02,2026-04,0.9865,T605,Stesen LRT Bandar Puteri ~ Taman Wawasan
T6400,2026-04-02,2026-04,0.818,T640,Stesen LRT Taman Jaya ~ Taman Sri Sentosa
T7158,2026-04-02,2026-04,1,T715,UiTM Puncak Alam ~ Bandar Puncak Alam
T7548,2026-04-02,2026-04,1,T754,Hentian Bandar Shah Alam ~ Terminal Seksyen 17
T7568,2026-04-02,2026-04,0.9465,T756,Kemuning Business Park ~ Hentian Bandar via Taman Muda
T7740,2026-04-02,2026-04,0.9444,T774,"Stesen LRT Glenmarie ~ MSU, Stadium Shah Alam"
T7800,2026-04-02,2026-04,0.8344,T780,Stesen LRT BU 11 ~ Stesen LRT Kelana Jaya
T7810,2026-04-02,2026-04,0.5613,T781,Stesen LRT Kelana Jaya ~ Stesen LRT Subang
T7820,2026-04-02,2026-04,0.9269,T782,Stesen LRT Lembah Subang ~ Ara Damansara
T7860,2026-04-02,2026-04,0,T786,Stesen LRT Asia Jaya ~ Stesen MRT Phileo Damansara
T7870,2026-04-02,2026-04,0.9028,T787,Stesen LRT Asia Jaya ~ Seksyen 14 & 18
T7880,2026-04-02,2026-04,0,T788,Stesen LRT Universiti ~ Mid Valley
T7890,2026-04-02,2026-04,0.9372,T789,Stesen LRT Universiti ~ Universiti Malaya via Pantai Hillpark
T7900,2026-04-02,2026-04,1,T790,Stesen LRT Paramount ~ Mid Valley
T7910,2026-04-02,2026-04,0.788,T791,Stesen LRT Kerinchi ~ Pantai Hill Park
T8500,2026-04-02,2026-04,0,T850,Stesen LRT Bangsar ~ Stesen MRT Semantan
U1510,2026-04-02,2026-04,0.6265,151,Bandar Baru Selayang ~ Hab Pasar Seni
U1710,2026-04-02,2026-04,0.7667,171,Hab Wira Damai ~ Lebuh Ampang via Sentul
U1730,2026-04-02,2026-04,0.6622,173,Taman Jasa Utama ~ Lebuh Ampang
U1800,2026-04-02,2026-04,0.8278,180,Taman Dato' Senu ~ Hab Pasar Seni
U1900,2026-04-02,2026-04,0.8918,190,Desa Sri Hartamas ~ Lin Ho Jln Lekiu
U2000,2026-04-02,2026-04,0.6381,200,UIA Gombak ~ SOGO KL
U2018,2026-04-02,2026-04,0.2492,201,Batu 12 Gombak – SOGO KL
U2020,2026-04-02,2026-04,0.7815,202,Hub Wira Damai ~ Lebuh Ampang via Gombak
U2200,2026-04-02,2026-04,0.5011,220,Taman Melawati ~ Lebuh Ampang
U2220,2026-04-02,2026-04,0.7484,222,Taman Melawati ~ Stesen LRT Wangsa Maju
U2500,2026-04-02,2026-04,0.908,250,Stesen LRT Wangsa Maju ~ Lebuh Ampang
U2510,2026-04-02,2026-04,0.9351,251,AU3 Jentayu ~ Chow Kit
U2538,2026-04-02,2026-04,0.6587,253,Stesen LRT Wangsa Maju ~ Ampang Point
U2548,2026-04-02,2026-04,0.6417,254,Ayer Panas ~ Titiwangsa via Chowkit
U3000,2026-04-02,2026-04,0.5725,300,Terminal Maluri ~ Lebuh Ampang
U3020,2026-04-02,2026-04,0.961,302,Titiwangsa ~ KLCC
U3030,2026-04-02,2026-04,0.9614,303,Taman Mulia Jaya ~ Lebuh Ampang
U4000,2026-04-02,2026-04,0.76,400,Damai Perdana ~ Hab Pasar Seni via Bukit Bintang
U4200,2026-04-02,2026-04,1,420,Hentian Taman Dagang ~ Menara Maybank via Bukit Bintang
U4210,2026-04-02,2026-04,0.714,421,Hentian Taman Dagang ~ Menara Maybank via Bukit Bintang
U4500,2026-04-02,2026-04,0.7697,450,Hentian Kajang ~ Hab Pasar Seni
U5410,2026-04-02,2026-04,0,541,Stesen MRT Taman Equine ~ Stesen LRT BK 5
U5800,2026-04-02,2026-04,1,580,Desa Petaling ~ Pasar Seni via Stesen LRT Salak Selatan
U5810,2026-04-02,2026-04,0.5102,581,Desa Tasik ~ Stesen LRT Bandar Tasik Selatan
U5900,2026-04-02,2026-04,0.8469,590,Bandar Sungai Long ~ Hab Pasar Seni
U6000,2026-04-02,2026-04,0.5814,600,Puchong Utama ~ Hab Pasar Seni
U6400,2026-04-02,2026-04,0.8248,640,Hab Bas Sri Manja ~ Hab Pasar Seni
U6418,2026-04-02,2026-04,0.6892,641,Stesen LRT Subang Jaya ~ Pearl Point
U6500,2026-04-02,2026-04,0.8124,650,Taman Desa ~ Hab Pasar Seni
U6510,2026-04-02,2026-04,0.7617,651,Stesen LRT Muhibbah ~Pearl Point
U6520,2026-04-02,2026-04,0.8642,652,Stesen LRT Awan Besar ~Batu 3 Jalan Klang Lama
U7508,2026-04-02,2026-04,0.8424,750,Hab Sekysen 2 ~ Hab Pasar Seni
U7510,2026-04-02,2026-04,0.5854,751,Taman Sri Muda ~ Hab Pasar Seni
U7520,2026-04-02,2026-04,0.8198,752,Stesen LRT Putra Height ~ Hentian Bandar Shah Alam
U7538,2026-04-02,2026-04,0.9503,753,Hentian Bandar Shah Alam ~ UiTM Puncak Alam
U7548,2026-04-02,2026-04,0.5939,754,LRT Stadium Shah Alam ~ UITM Puncak Perdana
U7700,2026-04-02,2026-04,0.5677,770,Subang Mewah USJ 1 ~ Hab Pasar Seni
U7718,2026-04-02,2026-04,0.9823,771,Subang Mewah USJ 1 ~ Desa Mentari via Persiaran Tujuan
U7720,2026-04-02,2026-04,0.7304,772,Subang Suria Mah Sing ~ Hab Pasar Seni
U7800,2026-04-02,2026-04,0,780,Kota Damansara ~ Hab Pasar Seni
U7828,2026-04-02,2026-04,0.7795,782,Hentian PJ Old Town ~ Hab Pasar Seni
U7830,2026-04-02,2026-04,0.2159,783,Stesen LRT Kelana Jaya ~ Subang Parade
U8210,2026-04-02,2026-04,0.8124,821,Pantai Hill Park ~ Hab Pasar Seni
U8220,2026-04-02,2026-04,0,822,Stesen LRT Bangsar ~ Bangsar Shopping Centre
S6060,2026-04-04,2026-04,0,PAVILION BUKIT JALIL (PAVBJ),Stesen LRT Awan Besar ~ Pavilion Bukit Jalil
T2000,2026-04-04,2026-04,0,T200,Stesen LRT Gombak ~ UIA Gombak
T2230,2026-04-04,2026-04,0.9154,T223,"Stesen LRT Setiawangsa ~ AU3, Jentayu, Keramat"
T2510,2026-04-04,2026-04,0,T251,Stesen LRT Sri Rampai ~ Seksyen 10 Wangsa Maju
T3008,2026-04-04,2026-04,0.7462,T300,Bukit Indah ~ Ampang Point via Jalan Rasmi
T3018,2026-04-04,2026-04,0.8948,T301,Taman Mulia Jaya ~ Ampang Point via Jalan Merdeka
T3028,2026-04-04,2026-04,0.8266,T302,Hutan Lipur Ampang ~ Ampang Point
T3048,2026-04-04,2026-04,0.412,T304,Bukit Indah ~ Ampang Point via Jalan Ampang
T3500,2026-04-04,2026-04,0.7309,T350,Stesen LRT Cempaka ~ Taman Mawar
T4068,2026-04-04,2026-04,0.8822,T406,Cheras Batu 10 ~ Pangsun
T5718,2026-04-04,2026-04,0.6917,T571,Stesen KTM Serdang ~ Taman Sri Pulai
T5800,2026-04-04,2026-04,0.4908,T580,Stesen LRT Awan Besar ~ TPM via Stesen LRT Bukit Jalil
T5810,2026-04-04,2026-04,0.7777,T581,Stesen LRT Alam Sutera ~ PPR Pinggiran Bukit Jalil
T6000,2026-04-04,2026-04,0.608,T600,Stesen LRT IOI Puchong ~ Taman Wawasan
T6010,2026-04-04,2026-04,0.9412,T601,Puchong Utama ~ Puchong Prima
T6030,2026-04-04,2026-04,0.4906,T603,Stesen LRT Puchong Prima ~ Taman Mas Sepang
T6040,2026-04-04,2026-04,0.9094,T604,Stesen LRT Perindustrian Puchong ~ Taman Kinrara
T6050,2026-04-04,2026-04,0.9554,T605,Stesen LRT Bandar Puteri ~ Taman Wawasan
T6400,2026-04-04,2026-04,0.8233,T640,Stesen LRT Taman Jaya ~ Taman Sri Sentosa
T7158,2026-04-04,2026-04,0.4947,T715,UiTM Puncak Alam ~ Bandar Puncak Alam
T7548,2026-04-04,2026-04,0,T754,Hentian Bandar Shah Alam ~ Terminal Seksyen 17
T7568,2026-04-04,2026-04,0.86,T756,Kemuning Business Park ~ Hentian Bandar via Taman Muda
T7740,2026-04-04,2026-04,0.7343,T774,"Stesen LRT Glenmarie ~ MSU, Stadium Shah Alam"
T7800,2026-04-04,2026-04,0.83,T780,Stesen LRT BU 11 ~ Stesen LRT Kelana Jaya
T7810,2026-04-04,2026-04,0.1741,T781,Stesen LRT Kelana Jaya ~ Stesen LRT Subang
T7820,2026-04-04,2026-04,0,T782,Stesen LRT Lembah Subang ~ Ara Damansara
T7860,2026-04-04,2026-04,0.8647,T786,Stesen LRT Asia Jaya ~ Stesen MRT Phileo Damansara
T7870,2026-04-04,2026-04,0.9351,T787,Stesen LRT Asia Jaya ~ Seksyen 14 & 18
T7890,2026-04-04,2026-04,0.9692,T789,Stesen LRT Universiti ~ Universiti Malaya via Pantai Hillpark
U1510,2026-04-04,2026-04,0.6444,151,Bandar Baru Selayang ~ Hab Pasar Seni
U1710,2026-04-04,2026-04,0.8927,171,Hab Wira Damai ~ Lebuh Ampang via Sentul
U1730,2026-04-04,2026-04,0.8404,173,Taman Jasa Utama ~ Lebuh Ampang
U1800,2026-04-04,2026-04,0.7688,180,Taman Dato' Senu ~ Hab Pasar Seni
U1900,2026-04-04,2026-04,0.887,190,Desa Sri Hartamas ~ Lin Ho Jln Lekiu
U2000,2026-04-04,2026-04,0.3402,200,UIA Gombak ~ SOGO KL
U2018,2026-04-04,2026-04,0.8074,201,Batu 12 Gombak – SOGO KL
U2020,2026-04-04,2026-04,0.7789,202,Hub Wira Damai ~ Lebuh Ampang via Gombak
U2200,2026-04-04,2026-04,0.7742,220,Taman Melawati ~ Lebuh Ampang
U2220,2026-04-04,2026-04,0.7233,222,Taman Melawati ~ Stesen LRT Wangsa Maju
U2500,2026-04-04,2026-04,0.8159,250,Stesen LRT Wangsa Maju ~ Lebuh Ampang
U2510,2026-04-04,2026-04,0.8121,251,AU3 Jentayu ~ Chow Kit
U2538,2026-04-04,2026-04,0.5731,253,Stesen LRT Wangsa Maju ~ Ampang Point
U2548,2026-04-04,2026-04,0.9601,254,Ayer Panas ~ Titiwangsa via Chowkit
U3000,2026-04-04,2026-04,0.393,300,Terminal Maluri ~ Lebuh Ampang
U3020,2026-04-04,2026-04,0.9253,302,Titiwangsa ~ KLCC
U3030,2026-04-04,2026-04,0.986,303,Taman Mulia Jaya ~ Lebuh Ampang
U4000,2026-04-04,2026-04,0.8739,400,Damai Perdana ~ Hab Pasar Seni via Bukit Bintang
U4210,2026-04-04,2026-04,0.5977,421,Hentian Taman Dagang ~ Menara Maybank via Bukit Bintang
U4500,2026-04-04,2026-04,0.7986,450,Hentian Kajang ~ Hab Pasar Seni
U5410,2026-04-04,2026-04,0,541,Stesen MRT Taman Equine ~ Stesen LRT BK 5
U5800,2026-04-04,2026-04,0,580,Desa Petaling ~ Pasar Seni via Stesen LRT Salak Selatan
U5810,2026-04-04,2026-04,0.5166,581,Desa Tasik ~ Stesen LRT Bandar Tasik Selatan
U5900,2026-04-04,2026-04,0.847,590,Bandar Sungai Long ~ Hab Pasar Seni
U6000,2026-04-04,2026-04,0.6209,600,Puchong Utama ~ Hab Pasar Seni
U6400,2026-04-04,2026-04,0.8378,640,Hab Bas Sri Manja ~ Hab Pasar Seni
U6418,2026-04-04,2026-04,0.8558,641,Stesen LRT Subang Jaya ~ Pearl Point
U6500,2026-04-04,2026-04,0.8248,650,Taman Desa ~ Hab Pasar Seni
U6510,2026-04-04,2026-04,0,651,Stesen LRT Muhibbah ~Pearl Point
U6520,2026-04-04,2026-04,0.9352,652,Stesen LRT Awan Besar ~Batu 3 Jalan Klang Lama
U7508,2026-04-04,2026-04,0.9489,750,Hab Sekysen 2 ~ Hab Pasar Seni
U7510,2026-04-04,2026-04,0.5932,751,Taman Sri Muda ~ Hab Pasar Seni
U7520,2026-04-04,2026-04,0.7527,752,Stesen LRT Putra Height ~ Hentian Bandar Shah Alam
U7538,2026-04-04,2026-04,0,753,Hentian Bandar Shah Alam ~ UiTM Puncak Alam
U7548,2026-04-04,2026-04,0.4126,754,LRT Stadium Shah Alam ~ UITM Puncak Perdana
U7700,2026-04-04,2026-04,0,770,Subang Mewah USJ 1 ~ Hab Pasar Seni
U7718,2026-04-04,2026-04,0.8231,771,Subang Mewah USJ 1 ~ Desa Mentari via Persiaran Tujuan
U7720,2026-04-04,2026-04,0.8108,772,Subang Suria Mah Sing ~ Hab Pasar Seni
U7800,2026-04-04,2026-04,0.8713,780,Kota Damansara ~ Hab Pasar Seni
U7828,2026-04-04,2026-04,0.9264,782,Hentian PJ Old Town ~ Hab Pasar Seni
U7830,2026-04-04,2026-04,0.65,783,Stesen LRT Kelana Jaya ~ Subang Parade
U8210,2026-04-04,2026-04,0.7345,821,Pantai Hill Park ~ Hab Pasar Seni
U8220,2026-04-04,2026-04,0,822,Stesen LRT Bangsar ~ Bangsar Shopping Centre
S6060,2026-04-06,2026-04,0,PAVILION BUKIT JALIL (PAVBJ),Stesen LRT Awan Besar ~ Pavilion Bukit Jalil
T2000,2026-04-06,2026-04,0.7367,T200,Stesen LRT Gombak ~ UIA Gombak
T2010,2026-04-06,2026-04,0.8017,T201,Stesen LRT Gombak ~ Hab Wira Damai
T2500,2026-04-06,2026-04,0.9516,T250,Stesen LRT Wangsa Maju ~ Setapak Sentral
T2510,2026-04-06,2026-04,0.8285,T251,Stesen LRT Sri Rampai ~ Seksyen 10 Wangsa Maju
T3008,2026-04-06,2026-04,0.843,T300,Bukit Indah ~ Ampang Point via Jalan Rasmi
T3018,2026-04-06,2026-04,0.9504,T301,Taman Mulia Jaya ~ Ampang Point via Jalan Merdeka
T3028,2026-04-06,2026-04,0.8024,T302,Hutan Lipur Ampang ~ Ampang Point
T3048,2026-04-06,2026-04,0,T304,Bukit Indah ~ Ampang Point via Jalan Ampang
T3500,2026-04-06,2026-04,0.7099,T350,Stesen LRT Cempaka ~ Taman Mawar
T4068,2026-04-06,2026-04,0.9474,T406,Cheras Batu 10 ~ Pangsun
T5718,2026-04-06,2026-04,0.7325,T571,Stesen KTM Serdang ~ Taman Sri Pulai
T5800,2026-04-06,2026-04,0.6083,T580,Stesen LRT Awan Besar ~ TPM via Stesen LRT Bukit Jalil
T5810,2026-04-06,2026-04,0.7211,T581,Stesen LRT Alam Sutera ~ PPR Pinggiran Bukit Jalil
T6000,2026-04-06,2026-04,0.584,T600,Stesen LRT IOI Puchong ~ Taman Wawasan
T6010,2026-04-06,2026-04,0.9061,T601,Puchong Utama ~ Puchong Prima
T6030,2026-04-06,2026-04,0.6499,T603,Stesen LRT Puchong Prima ~ Taman Mas Sepang
T6040,2026-04-06,2026-04,0.9172,T604,Stesen LRT Perindustrian Puchong ~ Taman Kinrara
T6050,2026-04-06,2026-04,1,T605,Stesen LRT Bandar Puteri ~ Taman Wawasan
T6400,2026-04-06,2026-04,0.7329,T640,Stesen LRT Taman Jaya ~ Taman Sri Sentosa
T7158,2026-04-06,2026-04,0.7702,T715,UiTM Puncak Alam ~ Bandar Puncak Alam
T7548,2026-04-06,2026-04,0,T754,Hentian Bandar Shah Alam ~ Terminal Seksyen 17
T7568,2026-04-06,2026-04,0.8461,T756,Kemuning Business Park ~ Hentian Bandar via Taman Muda
T7740,2026-04-06,2026-04,0.8375,T774,"Stesen LRT Glenmarie ~ MSU, Stadium Shah Alam"
T7800,2026-04-06,2026-04,0.8841,T780,Stesen LRT BU 11 ~ Stesen LRT Kelana Jaya
T7810,2026-04-06,2026-04,0.6697,T781,Stesen LRT Kelana Jaya ~ Stesen LRT Subang
T7820,2026-04-06,2026-04,0.888,T782,Stesen LRT Lembah Subang ~ Ara Damansara
T7860,2026-04-06,2026-04,0.6155,T786,Stesen LRT Asia Jaya ~ Stesen MRT Phileo Damansara
T7880,2026-04-06,2026-04,0,T788,Stesen LRT Universiti ~ Mid Valley
T7890,2026-04-06,2026-04,0.008,T789,Stesen LRT Universiti ~ Universiti Malaya via Pantai Hillpark
T7910,2026-04-06,2026-04,0.9265,T791,Stesen LRT Kerinchi ~ Pantai Hill Park
U1510,2026-04-06,2026-04,0.62,151,Bandar Baru Selayang ~ Hab Pasar Seni
U1710,2026-04-06,2026-04,0.7743,171,Hab Wira Damai ~ Lebuh Ampang via Sentul
U1730,2026-04-06,2026-04,0.7446,173,Taman Jasa Utama ~ Lebuh Ampang
U1800,2026-04-06,2026-04,0.8325,180,Taman Dato' Senu ~ Hab Pasar Seni
U1900,2026-04-06,2026-04,0.8722,190,Desa Sri Hartamas ~ Lin Ho Jln Lekiu
U2000,2026-04-06,2026-04,0.6645,200,UIA Gombak ~ SOGO KL
U2020,2026-04-06,2026-04,0.8326,202,Hub Wira Damai ~ Lebuh Ampang via Gombak
U2200,2026-04-06,2026-04,0.5929,220,Taman Melawati ~ Lebuh Ampang
U2220,2026-04-06,2026-04,0.8125,222,Taman Melawati ~ Stesen LRT Wangsa Maju
U2500,2026-04-06,2026-04,0.8552,250,Stesen LRT Wangsa Maju ~ Lebuh Ampang
U2510,2026-04-06,2026-04,0,251,AU3 Jentayu ~ Chow Kit
U2538,2026-04-06,2026-04,0.509,253,Stesen LRT Wangsa Maju ~ Ampang Point
U2548,2026-04-06,2026-04,0.8168,254,Ayer Panas ~ Titiwangsa via Chowkit
U3000,2026-04-06,2026-04,0.7802,300,Terminal Maluri ~ Lebuh Ampang
U3020,2026-04-06,2026-04,0.8784,302,Titiwangsa ~ KLCC
U3030,2026-04-06,2026-04,0.7574,303,Taman Mulia Jaya ~ Lebuh Ampang
U4000,2026-04-06,2026-04,0.961,400,Damai Perdana ~ Hab Pasar Seni via Bukit Bintang
U4200,2026-04-06,2026-04,1,420,Hentian Taman Dagang ~ Menara Maybank via Bukit Bintang
U4210,2026-04-06,2026-04,0,421,Hentian Taman Dagang ~ Menara Maybank via Bukit Bintang
U4500,2026-04-06,2026-04,0.7644,450,Hentian Kajang ~ Hab Pasar Seni
U5410,2026-04-06,2026-04,0,541,Stesen MRT Taman Equine ~ Stesen LRT BK 5
U5800,2026-04-06,2026-04,0,580,Desa Petaling ~ Pasar Seni via Stesen LRT Salak Selatan
U5810,2026-04-06,2026-04,0.5062,581,Desa Tasik ~ Stesen LRT Bandar Tasik Selatan
U5900,2026-04-06,2026-04,0.9499,590,Bandar Sungai Long ~ Hab Pasar Seni
U6000,2026-04-06,2026-04,0.619,600,Puchong Utama ~ Hab Pasar Seni
U6400,2026-04-06,2026-04,0.8639,640,Hab Bas Sri Manja ~ Hab Pasar Seni
U6418,2026-04-06,2026-04,0.8069,641,Stesen LRT Subang Jaya ~ Pearl Point
U6500,2026-04-06,2026-04,0.8244,650,Taman Desa ~ Hab Pasar Seni
U6510,2026-04-06,2026-04,0.8398,651,Stesen LRT Muhibbah ~Pearl Point
U6520,2026-04-06,2026-04,0.9139,652,Stesen LRT Awan Besar ~Batu 3 Jalan Klang Lama
U7508,2026-04-06,2026-04,0.8557,750,Hab Sekysen 2 ~ Hab Pasar Seni
U7510,2026-04-06,2026-04,0.5721,751,Taman Sri Muda ~ Hab Pasar Seni
U7520,2026-04-06,2026-04,0.8512,752,Stesen LRT Putra Height ~ Hentian Bandar Shah Alam
U7538,2026-04-06,2026-04,0.687,753,Hentian Bandar Shah Alam ~ UiTM Puncak Alam
U7700,2026-04-06,2026-04,0.6702,770,Subang Mewah USJ 1 ~ Hab Pasar Seni
U7718,2026-04-06,2026-04,0.7091,771,Subang Mewah USJ 1 ~ Desa Mentari via Persiaran Tujuan
U7720,2026-04-06,2026-04,0.9019,772,Subang Suria Mah Sing ~ Hab Pasar Seni
U7800,2026-04-06,2026-04,0.9285,780,Kota Damansara ~ Hab Pasar Seni
U7828,2026-04-06,2026-04,0.8526,782,Hentian PJ Old Town ~ Hab Pasar Seni
U7830,2026-04-06,2026-04,0.6723,783,Stesen LRT Kelana Jaya ~ Subang Parade
U8210,2026-04-06,2026-04,0.8127,821,Pantai Hill Park ~ Hab Pasar Seni
S6060,2026-04-07,2026-04,0,PAVILION BUKIT JALIL (PAVBJ),Stesen LRT Awan Besar ~ Pavilion Bukit Jalil
T2000,2026-04-07,2026-04,0.8065,T200,Stesen LRT Gombak ~ UIA Gombak
T2010,2026-04-07,2026-04,0.8808,T201,Stesen LRT Gombak ~ Hab Wira Damai
T2020,2026-04-07,2026-04,0.0113,T202,Stesen LRT Taman Melati ~ Taman Melewar
T2220,2026-04-07,2026-04,0.6346,T222,Stesen LRT Sri Rampai ~ UKAY Perdana
T2500,2026-04-07,2026-04,1,T250,Stesen LRT Wangsa Maju ~ Setapak Sentral
T2510,2026-04-07,2026-04,0.7692,T251,Stesen LRT Sri Rampai ~ Seksyen 10 Wangsa Maju
T3008,2026-04-07,2026-04,0.7399,T300,Bukit Indah ~ Ampang Point via Jalan Rasmi
T3018,2026-04-07,2026-04,0.9379,T301,Taman Mulia Jaya ~ Ampang Point via Jalan Merdeka
T3028,2026-04-07,2026-04,0.8804,T302,Hutan Lipur Ampang ~ Ampang Point
T3048,2026-04-07,2026-04,0.3294,T304,Bukit Indah ~ Ampang Point via Jalan Ampang
T3500,2026-04-07,2026-04,0.659,T350,Stesen LRT Cempaka ~ Taman Mawar
T4068,2026-04-07,2026-04,0.8692,T406,Cheras Batu 10 ~ Pangsun
T5718,2026-04-07,2026-04,0.7239,T571,Stesen KTM Serdang ~ Taman Sri Pulai
T5800,2026-04-07,2026-04,0.4859,T580,Stesen LRT Awan Besar ~ TPM via Stesen LRT Bukit Jalil
T5810,2026-04-07,2026-04,0.8392,T581,Stesen LRT Alam Sutera ~ PPR Pinggiran Bukit Jalil
T6000,2026-04-07,2026-04,0.6732,T600,Stesen LRT IOI Puchong ~ Taman Wawasan
T6010,2026-04-07,2026-04,0.9894,T601,Puchong Utama ~ Puchong Prima
T6030,2026-04-07,2026-04,0.76,T603,Stesen LRT Puchong Prima ~ Taman Mas Sepang
T6040,2026-04-07,2026-04,0.902,T604,Stesen LRT Perindustrian Puchong ~ Taman Kinrara
T6050,2026-04-07,2026-04,0.9336,T605,Stesen LRT Bandar Puteri ~ Taman Wawasan
T6400,2026-04-07,2026-04,0.7207,T640,Stesen LRT Taman Jaya ~ Taman Sri Sentosa
T7158,2026-04-07,2026-04,0.6878,T715,UiTM Puncak Alam ~ Bandar Puncak Alam
T7548,2026-04-07,2026-04,0.9516,T754,Hentian Bandar Shah Alam ~ Terminal Seksyen 17
T7568,2026-04-07,2026-04,0.9318,T756,Kemuning Business Park ~ Hentian Bandar via Taman Muda
T7740,2026-04-07,2026-04,0.5435,T774,"Stesen LRT Glenmarie ~ MSU, Stadium Shah Alam"
T7800,2026-04-07,2026-04,0.7373,T780,Stesen LRT BU 11 ~ Stesen LRT Kelana Jaya
T7810,2026-04-07,2026-04,0.6987,T781,Stesen LRT Kelana Jaya ~ Stesen LRT Subang
T7820,2026-04-07,2026-04,0.9927,T782,Stesen LRT Lembah Subang ~ Ara Damansara
T7860,2026-04-07,2026-04,0.0716,T786,Stesen LRT Asia Jaya ~ Stesen MRT Phileo Damansara
T7870,2026-04-07,2026-04,0.9791,T787,Stesen LRT Asia Jaya ~ Seksyen 14 & 18
T7880,2026-04-07,2026-04,0.2589,T788,Stesen LRT Universiti ~ Mid Valley
T7890,2026-04-07,2026-04,0.9754,T789,Stesen LRT Universiti ~ Universiti Malaya via Pantai Hillpark
T8500,2026-04-07,2026-04,1,T850,Stesen LRT Bangsar ~ Stesen MRT Semantan
U1510,2026-04-07,2026-04,0.6014,151,Bandar Baru Selayang ~ Hab Pasar Seni
U1710,2026-04-07,2026-04,0.9083,171,Hab Wira Damai ~ Lebuh Ampang via Sentul
U1730,2026-04-07,2026-04,0.9964,173,Taman Jasa Utama ~ Lebuh Ampang
U1800,2026-04-07,2026-04,0.8276,180,Taman Dato' Senu ~ Hab Pasar Seni
U1900,2026-04-07,2026-04,0.8933,190,Desa Sri Hartamas ~ Lin Ho Jln Lekiu
U2000,2026-04-07,2026-04,0.0034,200,UIA Gombak ~ SOGO KL
U2018,2026-04-07,2026-04,0.8832,201,Batu 12 Gombak – SOGO KL
U2020,2026-04-07,2026-04,0.8406,202,Hub Wira Damai ~ Lebuh Ampang via Gombak
U2200,2026-04-07,2026-04,0.4682,220,Taman Melawati ~ Lebuh Ampang
U2220,2026-04-07,2026-04,0,222,Taman Melawati ~ Stesen LRT Wangsa Maju
U2500,2026-04-07,2026-04,0.8758,250,Stesen LRT Wangsa Maju ~ Lebuh Ampang
U2510,2026-04-07,2026-04,0,251,AU3 Jentayu ~ Chow Kit
U2538,2026-04-07,2026-04,0.6226,253,Stesen LRT Wangsa Maju ~ Ampang Point
U2548,2026-04-07,2026-04,0.4963,254,Ayer Panas ~ Titiwangsa via Chowkit
U3020,2026-04-07,2026-04,0.8739,302,Titiwangsa ~ KLCC
U3030,2026-04-07,2026-04,0.6263,303,Taman Mulia Jaya ~ Lebuh Ampang
U4000,2026-04-07,2026-04,1,400,Damai Perdana ~ Hab Pasar Seni via Bukit Bintang
U4210,2026-04-07,2026-04,0.7562,421,Hentian Taman Dagang ~ Menara Maybank via Bukit Bintang
U4500,2026-04-07,2026-04,0.8378,450,Hentian Kajang ~ Hab Pasar Seni
U5410,2026-04-07,2026-04,0.1073,541,Stesen MRT Taman Equine ~ Stesen LRT BK 5
U5800,2026-04-07,2026-04,0,580,Desa Petaling ~ Pasar Seni via Stesen LRT Salak Selatan
U5810,2026-04-07,2026-04,0.5498,581,Desa Tasik ~ Stesen LRT Bandar Tasik Selatan
U5900,2026-04-07,2026-04,0.9641,590,Bandar Sungai Long ~ Hab Pasar Seni
U6000,2026-04-07,2026-04,0.6519,600,Puchong Utama ~ Hab Pasar Seni
U6400,2026-04-07,2026-04,0.8637,640,Hab Bas Sri Manja ~ Hab Pasar Seni
U6418,2026-04-07,2026-04,0.8678,641,Stesen LRT Subang Jaya ~ Pearl Point
U6500,2026-04-07,2026-04,0.8252,650,Taman Desa ~ Hab Pasar Seni
U6510,2026-04-07,2026-04,0.7105,651,Stesen LRT Muhibbah ~Pearl Point
U6520,2026-04-07,2026-04,0.8387,652,Stesen LRT Awan Besar ~Batu 3 Jalan Klang Lama
U7508,2026-04-07,2026-04,0.8208,750,Hab Sekysen 2 ~ Hab Pasar Seni
U7510,2026-04-07,2026-04,0.6296,751,Taman Sri Muda ~ Hab Pasar Seni
U7520,2026-04-07,2026-04,0.7727,752,Stesen LRT Putra Height ~ Hentian Bandar Shah Alam
U7538,2026-04-07,2026-04,0.8284,753,Hentian Bandar Shah Alam ~ UiTM Puncak Alam
U7700,2026-04-07,2026-04,0.6391,770,Subang Mewah USJ 1 ~ Hab Pasar Seni
U7718,2026-04-07,2026-04,0.7679,771,Subang Mewah USJ 1 ~ Desa Mentari via Persiaran Tujuan
U7720,2026-04-07,2026-04,0.8271,772,Subang Suria Mah Sing ~ Hab Pasar Seni
U7800,2026-04-07,2026-04,0.9287,780,Kota Damansara ~ Hab Pasar Seni
U7828,2026-04-07,2026-04,0.841,782,Hentian PJ Old Town ~ Hab Pasar Seni
U7830,2026-04-07,2026-04,0.5871,783,Stesen LRT Kelana Jaya ~ Subang Parade
U8210,2026-04-07,2026-04,0.8447,821,Pantai Hill Park ~ Hab Pasar Seni
U8220,2026-04-07,2026-04,0,822,Stesen LRT Bangsar ~ Bangsar Shopping Centre
S6060,2026-04-08,2026-04,0,PAVILION BUKIT JALIL (PAVBJ),Stesen LRT Awan Besar ~ Pavilion Bukit Jalil
T2000,2026-04-08,2026-04,0.8455,T200,Stesen LRT Gombak ~ UIA Gombak
T2010,2026-04-08,2026-04,0.9268,T201,Stesen LRT Gombak ~ Hab Wira Damai
T2020,2026-04-08,2026-04,0.9658,T202,Stesen LRT Taman Melati ~ Taman Melewar
T2220,2026-04-08,2026-04,0.8519,T222,Stesen LRT Sri Rampai ~ UKAY Perdana
T2500,2026-04-08,2026-04,0.7965,T250,Stesen LRT Wangsa Maju ~ Setapak Sentral
T2510,2026-04-08,2026-04,0.8842,T251,Stesen LRT Sri Rampai ~ Seksyen 10 Wangsa Maju
T3008,2026-04-08,2026-04,0.7396,T300,Bukit Indah ~ Ampang Point via Jalan Rasmi
T3018,2026-04-08,2026-04,0.9589,T301,Taman Mulia Jaya ~ Ampang Point via Jalan Merdeka
T3028,2026-04-08,2026-04,0.9356,T302,Hutan Lipur Ampang ~ Ampang Point
T3048,2026-04-08,2026-04,0.617,T304,Bukit Indah ~ Ampang Point via Jalan Ampang
T4068,2026-04-08,2026-04,0.8985,T406,Cheras Batu 10 ~ Pangsun
T5718,2026-04-08,2026-04,0.7562,T571,Stesen KTM Serdang ~ Taman Sri Pulai
T5810,2026-04-08,2026-04,0.9097,T581,Stesen LRT Alam Sutera ~ PPR Pinggiran Bukit Jalil
T6000,2026-04-08,2026-04,0.6219,T600,Stesen LRT IOI Puchong ~ Taman Wawasan
T6010,2026-04-08,2026-04,0.9452,T601,Puchong Utama ~ Puchong Prima
T6030,2026-04-08,2026-04,0.1718,T603,Stesen LRT Puchong Prima ~ Taman Mas Sepang
T6040,2026-04-08,2026-04,0.9072,T604,Stesen LRT Perindustrian Puchong ~ Taman Kinrara
T6050,2026-04-08,2026-04,0.9668,T605,Stesen LRT Bandar Puteri ~ Taman Wawasan
T6400,2026-04-08,2026-04,0.6597,T640,Stesen LRT Taman Jaya ~ Taman Sri Sentosa
T7158,2026-04-08,2026-04,0.7702,T715,UiTM Puncak Alam ~ Bandar Puncak Alam
T7548,2026-04-08,2026-04,0.809,T754,Hentian Bandar Shah Alam ~ Terminal Seksyen 17
T7568,2026-04-08,2026-04,0.9157,T756,Kemuning Business Park ~ Hentian Bandar via Taman Muda
T7740,2026-04-08,2026-04,0.8658,T774,"Stesen LRT Glenmarie ~ MSU, Stadium Shah Alam"
T7800,2026-04-08,2026-04,0.7873,T780,Stesen LRT BU 11 ~ Stesen LRT Kelana Jaya
T7810,2026-04-08,2026-04,0.6658,T781,Stesen LRT Kelana Jaya ~ Stesen LRT Subang
T7820,2026-04-08,2026-04,1,T782,Stesen LRT Lembah Subang ~ Ara Damansara
T7860,2026-04-08,2026-04,0.3733,T786,Stesen LRT Asia Jaya ~ Stesen MRT Phileo Damansara
T7870,2026-04-08,2026-04,0.9131,T787,Stesen LRT Asia Jaya ~ Seksyen 14 & 18
T7890,2026-04-08,2026-04,0.9238,T789,Stesen LRT Universiti ~ Universiti Malaya via Pantai Hillpark
T7900,2026-04-08,2026-04,0.3497,T790,Stesen LRT Paramount ~ Mid Valley
T7910,2026-04-08,2026-04,0.8006,T791,Stesen LRT Kerinchi ~ Pantai Hill Park
T8500,2026-04-08,2026-04,1,T850,Stesen LRT Bangsar ~ Stesen MRT Semantan
U1510,2026-04-08,2026-04,0.5495,151,Bandar Baru Selayang ~ Hab Pasar Seni
U1710,2026-04-08,2026-04,0.8492,171,Hab Wira Damai ~ Lebuh Ampang via Sentul
U1730,2026-04-08,2026-04,0.773,173,Taman Jasa Utama ~ Lebuh Ampang
U1800,2026-04-08,2026-04,0.8224,180,Taman Dato' Senu ~ Hab Pasar Seni
U1900,2026-04-08,2026-04,0.8878,190,Desa Sri Hartamas ~ Lin Ho Jln Lekiu
U2000,2026-04-08,2026-04,0.8668,200,UIA Gombak ~ SOGO KL
U2018,2026-04-08,2026-04,0.6567,201,Batu 12 Gombak – SOGO KL
U2020,2026-04-08,2026-04,0.7903,202,Hub Wira Damai ~ Lebuh Ampang via Gombak
U2200,2026-04-08,2026-04,0.694,220,Taman Melawati ~ Lebuh Ampang
U2220,2026-04-08,2026-04,0.8123,222,Taman Melawati ~ Stesen LRT Wangsa Maju
U2500,2026-04-08,2026-04,0.9205,250,Stesen LRT Wangsa Maju ~ Lebuh Ampang
U2510,2026-04-08,2026-04,0.8843,251,AU3 Jentayu ~ Chow Kit
U2538,2026-04-08,2026-04,0.4191,253,Stesen LRT Wangsa Maju ~ Ampang Point
U2548,2026-04-08,2026-04,0.7549,254,Ayer Panas ~ Titiwangsa via Chowkit
U3000,2026-04-08,2026-04,0,300,Terminal Maluri ~ Lebuh Ampang
U3020,2026-04-08,2026-04,0.6601,302,Titiwangsa ~ KLCC
U3030,2026-04-08,2026-04,0.635,303,Taman Mulia Jaya ~ Lebuh Ampang
U4000,2026-04-08,2026-04,0.8851,400,Damai Perdana ~ Hab Pasar Seni via Bukit Bintang
U4200,2026-04-08,2026-04,0.4638,420,Hentian Taman Dagang ~ Menara Maybank via Bukit Bintang
U4210,2026-04-08,2026-04,0.751,421,Hentian Taman Dagang ~ Menara Maybank via Bukit Bintang
U4500,2026-04-08,2026-04,0.8242,450,Hentian Kajang ~ Hab Pasar Seni
U5410,2026-04-08,2026-04,0.2817,541,Stesen MRT Taman Equine ~ Stesen LRT BK 5
U5800,2026-04-08,2026-04,0.9074,580,Desa Petaling ~ Pasar Seni via Stesen LRT Salak Selatan
U5810,2026-04-08,2026-04,0.4935,581,Desa Tasik ~ Stesen LRT Bandar Tasik Selatan
U5900,2026-04-08,2026-04,0.9484,590,Bandar Sungai Long ~ Hab Pasar Seni
U6000,2026-04-08,2026-04,0.6137,600,Puchong Utama ~ Hab Pasar Seni
U6400,2026-04-08,2026-04,0.8355,640,Hab Bas Sri Manja ~ Hab Pasar Seni
U6418,2026-04-08,2026-04,0.8589,641,Stesen LRT Subang Jaya ~ Pearl Point
U6500,2026-04-08,2026-04,0.8591,650,Taman Desa ~ Hab Pasar Seni
U6510,2026-04-08,2026-04,0.7233,651,Stesen LRT Muhibbah ~Pearl Point
U6520,2026-04-08,2026-04,0.8862,652,Stesen LRT Awan Besar ~Batu 3 Jalan Klang Lama
U7508,2026-04-08,2026-04,0.8143,750,Hab Sekysen 2 ~ Hab Pasar Seni
U7510,2026-04-08,2026-04,0.5496,751,Taman Sri Muda ~ Hab Pasar Seni
U7520,2026-04-08,2026-04,0.7296,752,Stesen LRT Putra Height ~ Hentian Bandar Shah Alam
U7538,2026-04-08,2026-04,0.9837,753,Hentian Bandar Shah Alam ~ UiTM Puncak Alam
U7548,2026-04-08,2026-04,0,754,LRT Stadium Shah Alam ~ UITM Puncak Perdana
U7700,2026-04-08,2026-04,0.5979,770,Subang Mewah USJ 1 ~ Hab Pasar Seni
U7718,2026-04-08,2026-04,1,771,Subang Mewah USJ 1 ~ Desa Mentari via Persiaran Tujuan
U7720,2026-04-08,2026-04,0.7905,772,Subang Suria Mah Sing ~ Hab Pasar Seni
U7800,2026-04-08,2026-04,0.8645,780,Kota Damansara ~ Hab Pasar Seni
U7828,2026-04-08,2026-04,0.8921,782,Hentian PJ Old Town ~ Hab Pasar Seni
U7830,2026-04-08,2026-04,0.6048,783,Stesen LRT Kelana Jaya ~ Subang Parade
U8210,2026-04-08,2026-04,0.7605,821,Pantai Hill Park ~ Hab Pasar Seni
U8220,2026-04-08,2026-04,1,822,Stesen LRT Bangsar ~ Bangsar Shopping Centre
S6060,2026-04-09,2026-04,0,PAVILION BUKIT JALIL (PAVBJ),Stesen LRT Awan Besar ~ Pavilion Bukit Jalil
T2000,2026-04-09,2026-04,0.5893,T200,Stesen LRT Gombak ~ UIA Gombak
T2010,2026-04-09,2026-04,0.8342,T201,Stesen LRT Gombak ~ Hab Wira Damai
T2020,2026-04-09,2026-04,0.8678,T202,Stesen LRT Taman Melati ~ Taman Melewar
T2220,2026-04-09,2026-04,0.6579,T222,Stesen LRT Sri Rampai ~ UKAY Perdana
T2500,2026-04-09,2026-04,0.8716,T250,Stesen LRT Wangsa Maju ~ Setapak Sentral
T2510,2026-04-09,2026-04,0,T251,Stesen LRT Sri Rampai ~ Seksyen 10 Wangsa Maju
T3008,2026-04-09,2026-04,0,T300,Bukit Indah ~ Ampang Point via Jalan Rasmi
T3018,2026-04-09,2026-04,0.9493,T301,Taman Mulia Jaya ~ Ampang Point via Jalan Merdeka
T3028,2026-04-09,2026-04,0.8446,T302,Hutan Lipur Ampang ~ Ampang Point
T3048,2026-04-09,2026-04,0.5044,T304,Bukit Indah ~ Ampang Point via Jalan Ampang
T3500,2026-04-09,2026-04,0.6696,T350,Stesen LRT Cempaka ~ Taman Mawar
T4068,2026-04-09,2026-04,0.8944,T406,Cheras Batu 10 ~ Pangsun
T5718,2026-04-09,2026-04,0.658,T571,Stesen KTM Serdang ~ Taman Sri Pulai
T5800,2026-04-09,2026-04,0.3873,T580,Stesen LRT Awan Besar ~ TPM via Stesen LRT Bukit Jalil
T5810,2026-04-09,2026-04,0.8413,T581,Stesen LRT Alam Sutera ~ PPR Pinggiran Bukit Jalil
T6000,2026-04-09,2026-04,0.6487,T600,Stesen LRT IOI Puchong ~ Taman Wawasan
T6010,2026-04-09,2026-04,0.9519,T601,Puchong Utama ~ Puchong Prima
T6030,2026-04-09,2026-04,0.8155,T603,Stesen LRT Puchong Prima ~ Taman Mas Sepang
T6040,2026-04-09,2026-04,0.8125,T604,Stesen LRT Perindustrian Puchong ~ Taman Kinrara
T6050,2026-04-09,2026-04,0.9732,T605,Stesen LRT Bandar Puteri ~ Taman Wawasan
T6400,2026-04-09,2026-04,0.7561,T640,Stesen LRT Taman Jaya ~ Taman Sri Sentosa
T7158,2026-04-09,2026-04,0.7591,T715,UiTM Puncak Alam ~ Bandar Puncak Alam
T7548,2026-04-09,2026-04,0,T754,Hentian Bandar Shah Alam ~ Terminal Seksyen 17
T7568,2026-04-09,2026-04,0.9024,T756,Kemuning Business Park ~ Hentian Bandar via Taman Muda
T7740,2026-04-09,2026-04,0.882,T774,"Stesen LRT Glenmarie ~ MSU, Stadium Shah Alam"
T7800,2026-04-09,2026-04,0.8594,T780,Stesen LRT BU 11 ~ Stesen LRT Kelana Jaya
T7810,2026-04-09,2026-04,0.3614,T781,Stesen LRT Kelana Jaya ~ Stesen LRT Subang
T7820,2026-04-09,2026-04,0.9316,T782,Stesen LRT Lembah Subang ~ Ara Damansara
T7860,2026-04-09,2026-04,0.6329,T786,Stesen LRT Asia Jaya ~ Stesen MRT Phileo Damansara
T7870,2026-04-09,2026-04,0.93,T787,Stesen LRT Asia Jaya ~ Seksyen 14 & 18
T7890,2026-04-09,2026-04,0.8625,T789,Stesen LRT Universiti ~ Universiti Malaya via Pantai Hillpark
T7910,2026-04-09,2026-04,0.754,T791,Stesen LRT Kerinchi ~ Pantai Hill Park
T8500,2026-04-09,2026-04,1,T850,Stesen LRT Bangsar ~ Stesen MRT Semantan
U1510,2026-04-09,2026-04,0.6247,151,Bandar Baru Selayang ~ Hab Pasar Seni
U1710,2026-04-09,2026-04,0.7241,171,Hab Wira Damai ~ Lebuh Ampang via Sentul
U1730,2026-04-09,2026-04,0.826,173,Taman Jasa Utama ~ Lebuh Ampang
U1800,2026-04-09,2026-04,0.8011,180,Taman Dato' Senu ~ Hab Pasar Seni
U1900,2026-04-09,2026-04,0.8912,190,Desa Sri Hartamas ~ Lin Ho Jln Lekiu
U2000,2026-04-09,2026-04,0.5326,200,UIA Gombak ~ SOGO KL
U2018,2026-04-09,2026-04,0.6917,201,Batu 12 Gombak – SOGO KL
U2020,2026-04-09,2026-04,0.7687,202,Hub Wira Damai ~ Lebuh Ampang via Gombak
U2200,2026-04-09,2026-04,0.6075,220,Taman Melawati ~ Lebuh Ampang
U2220,2026-04-09,2026-04,0.6885,222,Taman Melawati ~ Stesen LRT Wangsa Maju
U2500,2026-04-09,2026-04,0.828,250,Stesen LRT Wangsa Maju ~ Lebuh Ampang
U2510,2026-04-09,2026-04,0.6211,251,AU3 Jentayu ~ Chow Kit
U2538,2026-04-09,2026-04,0.5659,253,Stesen LRT Wangsa Maju ~ Ampang Point
U2548,2026-04-09,2026-04,0.6963,254,Ayer Panas ~ Titiwangsa via Chowkit
U3000,2026-04-09,2026-04,0.4746,300,Terminal Maluri ~ Lebuh Ampang
U3020,2026-04-09,2026-04,0.7208,302,Titiwangsa ~ KLCC
U3030,2026-04-09,2026-04,0.8959,303,Taman Mulia Jaya ~ Lebuh Ampang
U4000,2026-04-09,2026-04,0.5671,400,Damai Perdana ~ Hab Pasar Seni via Bukit Bintang
U4210,2026-04-09,2026-04,0.0585,421,Hentian Taman Dagang ~ Menara Maybank via Bukit Bintang
U4500,2026-04-09,2026-04,0.87,450,Hentian Kajang ~ Hab Pasar Seni
U5410,2026-04-09,2026-04,0,541,Stesen MRT Taman Equine ~ Stesen LRT BK 5
U5800,2026-04-09,2026-04,0,580,Desa Petaling ~ Pasar Seni via Stesen LRT Salak Selatan
U5810,2026-04-09,2026-04,0.4735,581,Desa Tasik ~ Stesen LRT Bandar Tasik Selatan
U5900,2026-04-09,2026-04,0.8688,590,Bandar Sungai Long ~ Hab Pasar Seni
U6000,2026-04-09,2026-04,0.6428,600,Puchong Utama ~ Hab Pasar Seni
U6400,2026-04-09,2026-04,0.8496,640,Hab Bas Sri Manja ~ Hab Pasar Seni
U6418,2026-04-09,2026-04,0.7479,641,Stesen LRT Subang Jaya ~ Pearl Point
U6500,2026-04-09,2026-04,0.8518,650,Taman Desa ~ Hab Pasar Seni
U6510,2026-04-09,2026-04,0.6868,651,Stesen LRT Muhibbah ~Pearl Point
U6520,2026-04-09,2026-04,0.9556,652,Stesen LRT Awan Besar ~Batu 3 Jalan Klang Lama
U7508,2026-04-09,2026-04,0.8912,750,Hab Sekysen 2 ~ Hab Pasar Seni
U7510,2026-04-09,2026-04,0.6283,751,Taman Sri Muda ~ Hab Pasar Seni
U7520,2026-04-09,2026-04,0.8241,752,Stesen LRT Putra Height ~ Hentian Bandar Shah Alam
U7538,2026-04-09,2026-04,0,753,Hentian Bandar Shah Alam ~ UiTM Puncak Alam
U7548,2026-04-09,2026-04,0.7275,754,LRT Stadium Shah Alam ~ UITM Puncak Perdana
U7700,2026-04-09,2026-04,0.5406,770,Subang Mewah USJ 1 ~ Hab Pasar Seni
U7718,2026-04-09,2026-04,0.7984,771,Subang Mewah USJ 1 ~ Desa Mentari via Persiaran Tujuan
U7720,2026-04-09,2026-04,0.7408,772,Subang Suria Mah Sing ~ Hab Pasar Seni
U7800,2026-04-09,2026-04,0.8153,780,Kota Damansara ~ Hab Pasar Seni
U7828,2026-04-09,2026-04,0.0975,782,Hentian PJ Old Town ~ Hab Pasar Seni
U7830,2026-04-09,2026-04,0.8338,783,Stesen LRT Kelana Jaya ~ Subang Parade
U8210,2026-04-09,2026-04,0.831,821,Pantai Hill Park ~ Hab Pasar Seni
U8220,2026-04-09,2026-04,0.8922,822,Stesen LRT Bangsar ~ Bangsar Shopping Centre
S6060,2026-04-10,2026-04,0,PAVILION BUKIT JALIL (PAVBJ),Stesen LRT Awan Besar ~ Pavilion Bukit Jalil
T2000,2026-04-10,2026-04,0.6009,T200,Stesen LRT Gombak ~ UIA Gombak
T2010,2026-04-10,2026-04,0.8794,T201,Stesen LRT Gombak ~ Hab Wira Damai
T2020,2026-04-10,2026-04,0.908,T202,Stesen LRT Taman Melati ~ Taman Melewar
T2220,2026-04-10,2026-04,0.6339,T222,Stesen LRT Sri Rampai ~ UKAY Perdana
T2500,2026-04-10,2026-04,0.8558,T250,Stesen LRT Wangsa Maju ~ Setapak Sentral
T2510,2026-04-10,2026-04,0.7916,T251,Stesen LRT Sri Rampai ~ Seksyen 10 Wangsa Maju
T3008,2026-04-10,2026-04,0,T300,Bukit Indah ~ Ampang Point via Jalan Rasmi
T3018,2026-04-10,2026-04,0.9323,T301,Taman Mulia Jaya ~ Ampang Point via Jalan Merdeka
T3028,2026-04-10,2026-04,0.8993,T302,Hutan Lipur Ampang ~ Ampang Point
T3048,2026-04-10,2026-04,0,T304,Bukit Indah ~ Ampang Point via Jalan Ampang
T3500,2026-04-10,2026-04,0.6522,T350,Stesen LRT Cempaka ~ Taman Mawar
T3510,2026-04-10,2026-04,0.9684,T351,Stesen LRT Cempaka ~ Taman Bukit Permai
T4068,2026-04-10,2026-04,0.8089,T406,Cheras Batu 10 ~ Pangsun
T5718,2026-04-10,2026-04,0.6812,T571,Stesen KTM Serdang ~ Taman Sri Pulai
T5810,2026-04-10,2026-04,0.7361,T581,Stesen LRT Alam Sutera ~ PPR Pinggiran Bukit Jalil
T6000,2026-04-10,2026-04,0.6431,T600,Stesen LRT IOI Puchong ~ Taman Wawasan
T6010,2026-04-10,2026-04,0.9737,T601,Puchong Utama ~ Puchong Prima
T6030,2026-04-10,2026-04,0.8177,T603,Stesen LRT Puchong Prima ~ Taman Mas Sepang
T6040,2026-04-10,2026-04,0.9495,T604,Stesen LRT Perindustrian Puchong ~ Taman Kinrara
T6050,2026-04-10,2026-04,0.99,T605,Stesen LRT Bandar Puteri ~ Taman Wawasan
T6400,2026-04-10,2026-04,0.7682,T640,Stesen LRT Taman Jaya ~ Taman Sri Sentosa
T7158,2026-04-10,2026-04,1,T715,UiTM Puncak Alam ~ Bandar Puncak Alam
T7548,2026-04-10,2026-04,0,T754,Hentian Bandar Shah Alam ~ Terminal Seksyen 17
T7568,2026-04-10,2026-04,0.9344,T756,Kemuning Business Park ~ Hentian Bandar via Taman Muda
T7740,2026-04-10,2026-04,0.8061,T774,"Stesen LRT Glenmarie ~ MSU, Stadium Shah Alam"
T7760,2026-04-10,2026-04,0.7057,T776,Stesen LRT USJ 7 ~ Subang Mewah
T7800,2026-04-10,2026-04,0.8319,T780,Stesen LRT BU 11 ~ Stesen LRT Kelana Jaya
T7810,2026-04-10,2026-04,0.5106,T781,Stesen LRT Kelana Jaya ~ Stesen LRT Subang
T7820,2026-04-10,2026-04,0.8586,T782,Stesen LRT Lembah Subang ~ Ara Damansara
T7860,2026-04-10,2026-04,0.5352,T786,Stesen LRT Asia Jaya ~ Stesen MRT Phileo Damansara
T7870,2026-04-10,2026-04,0.9417,T787,Stesen LRT Asia Jaya ~ Seksyen 14 & 18
T7890,2026-04-10,2026-04,0.9905,T789,Stesen LRT Universiti ~ Universiti Malaya via Pantai Hillpark
T7910,2026-04-10,2026-04,0.9606,T791,Stesen LRT Kerinchi ~ Pantai Hill Park
U1510,2026-04-10,2026-04,0.6383,151,Bandar Baru Selayang ~ Hab Pasar Seni
U1710,2026-04-10,2026-04,0.6183,171,Hab Wira Damai ~ Lebuh Ampang via Sentul
U1730,2026-04-10,2026-04,0.8958,173,Taman Jasa Utama ~ Lebuh Ampang
U1800,2026-04-10,2026-04,0.8304,180,Taman Dato' Senu ~ Hab Pasar Seni
U1900,2026-04-10,2026-04,0.884,190,Desa Sri Hartamas ~ Lin Ho Jln Lekiu
U2000,2026-04-10,2026-04,0.7001,200,UIA Gombak ~ SOGO KL
U2018,2026-04-10,2026-04,1,201,Batu 12 Gombak – SOGO KL
U2020,2026-04-10,2026-04,0.7431,202,Hub Wira Damai ~ Lebuh Ampang via Gombak
U2200,2026-04-10,2026-04,0.5517,220,Taman Melawati ~ Lebuh Ampang
U2220,2026-04-10,2026-04,0.8193,222,Taman Melawati ~ Stesen LRT Wangsa Maju
U2500,2026-04-10,2026-04,0.9388,250,Stesen LRT Wangsa Maju ~ Lebuh Ampang
U2510,2026-04-10,2026-04,0.8349,251,AU3 Jentayu ~ Chow Kit
U2538,2026-04-10,2026-04,0.3388,253,Stesen LRT Wangsa Maju ~ Ampang Point
U2548,2026-04-10,2026-04,0.708,254,Ayer Panas ~ Titiwangsa via Chowkit
U3000,2026-04-10,2026-04,0.5747,300,Terminal Maluri ~ Lebuh Ampang
U3020,2026-04-10,2026-04,0.9346,302,Titiwangsa ~ KLCC
U3030,2026-04-10,2026-04,0.9612,303,Taman Mulia Jaya ~ Lebuh Ampang
U4000,2026-04-10,2026-04,0.9206,400,Damai Perdana ~ Hab Pasar Seni via Bukit Bintang
U4200,2026-04-10,2026-04,0.7623,420,Hentian Taman Dagang ~ Menara Maybank via Bukit Bintang
U4210,2026-04-10,2026-04,0,421,Hentian Taman Dagang ~ Menara Maybank via Bukit Bintang
U4500,2026-04-10,2026-04,0.8115,450,Hentian Kajang ~ Hab Pasar Seni
U5410,2026-04-10,2026-04,0,541,Stesen MRT Taman Equine ~ Stesen LRT BK 5
U5800,2026-04-10,2026-04,0.6049,580,Desa Petaling ~ Pasar Seni via Stesen LRT Salak Selatan
U5810,2026-04-10,2026-04,0.4686,581,Desa Tasik ~ Stesen LRT Bandar Tasik Selatan
U5900,2026-04-10,2026-04,0.8561,590,Bandar Sungai Long ~ Hab Pasar Seni
U6000,2026-04-10,2026-04,0.5669,600,Puchong Utama ~ Hab Pasar Seni
U6400,2026-04-10,2026-04,0.8506,640,Hab Bas Sri Manja ~ Hab Pasar Seni
U6418,2026-04-10,2026-04,0.83,641,Stesen LRT Subang Jaya ~ Pearl Point
U6500,2026-04-10,2026-04,0.8234,650,Taman Desa ~ Hab Pasar Seni
U6510,2026-04-10,2026-04,0,651,Stesen LRT Muhibbah ~Pearl Point
U6520,2026-04-10,2026-04,0.89,652,Stesen LRT Awan Besar ~Batu 3 Jalan Klang Lama
U7508,2026-04-10,2026-04,0.9506,750,Hab Sekysen 2 ~ Hab Pasar Seni
U7510,2026-04-10,2026-04,0.5719,751,Taman Sri Muda ~ Hab Pasar Seni
U7520,2026-04-10,2026-04,0.8021,752,Stesen LRT Putra Height ~ Hentian Bandar Shah Alam
U7538,2026-04-10,2026-04,0.8636,753,Hentian Bandar Shah Alam ~ UiTM Puncak Alam
U7548,2026-04-10,2026-04,0.685,754,LRT Stadium Shah Alam ~ UITM Puncak Perdana
U7700,2026-04-10,2026-04,0.5864,770,Subang Mewah USJ 1 ~ Hab Pasar Seni
U7718,2026-04-10,2026-04,0.7398,771,Subang Mewah USJ 1 ~ Desa Mentari via Persiaran Tujuan
U7720,2026-04-10,2026-04,0.7993,772,Subang Suria Mah Sing ~ Hab Pasar Seni
U7800,2026-04-10,2026-04,0.9322,780,Kota Damansara ~ Hab Pasar Seni
U7828,2026-04-10,2026-04,0.5815,782,Hentian PJ Old Town ~ Hab Pasar Seni
U7830,2026-04-10,2026-04,0,783,Stesen LRT Kelana Jaya ~ Subang Parade
U8210,2026-04-10,2026-04,0.7745,821,Pantai Hill Park ~ Hab Pasar Seni
U8220,2026-04-10,2026-04,0.4537,822,Stesen LRT Bangsar ~ Bangsar Shopping Centre
P1010,2026-04-13,2026-04,0,P101,Kompleks F ~ Presint 5
S6060,2026-04-13,2026-04,0,PAVILION BUKIT JALIL (PAVBJ),Stesen LRT Awan Besar ~ Pavilion Bukit Jalil
T2000,2026-04-13,2026-04,0.2518,T200,Stesen LRT Gombak ~ UIA Gombak
T2010,2026-04-13,2026-04,0.8472,T201,Stesen LRT Gombak ~ Hab Wira Damai
T2500,2026-04-13,2026-04,0.9067,T250,Stesen LRT Wangsa Maju ~ Setapak Sentral
T2510,2026-04-13,2026-04,0.7875,T251,Stesen LRT Sri Rampai ~ Seksyen 10 Wangsa Maju
T3008,2026-04-13,2026-04,0,T300,Bukit Indah ~ Ampang Point via Jalan Rasmi
T3018,2026-04-13,2026-04,0.9034,T301,Taman Mulia Jaya ~ Ampang Point via Jalan Merdeka
T3028,2026-04-13,2026-04,0.8598,T302,Hutan Lipur Ampang ~ Ampang Point
T3048,2026-04-13,2026-04,0.487,T304,Bukit Indah ~ Ampang Point via Jalan Ampang
T4068,2026-04-13,2026-04,0.9015,T406,Cheras Batu 10 ~ Pangsun
T5718,2026-04-13,2026-04,0.7473,T571,Stesen KTM Serdang ~ Taman Sri Pulai
T5800,2026-04-13,2026-04,0.6088,T580,Stesen LRT Awan Besar ~ TPM via Stesen LRT Bukit Jalil
T5810,2026-04-13,2026-04,0.829,T581,Stesen LRT Alam Sutera ~ PPR Pinggiran Bukit Jalil
T6000,2026-04-13,2026-04,0.6285,T600,Stesen LRT IOI Puchong ~ Taman Wawasan
T6010,2026-04-13,2026-04,0.9405,T601,Puchong Utama ~ Puchong Prima
T6030,2026-04-13,2026-04,0.5398,T603,Stesen LRT Puchong Prima ~ Taman Mas Sepang
T6040,2026-04-13,2026-04,0.9288,T604,Stesen LRT Perindustrian Puchong ~ Taman Kinrara
T6400,2026-04-13,2026-04,0.6414,T640,Stesen LRT Taman Jaya ~ Taman Sri Sentosa
T7158,2026-04-13,2026-04,0.8395,T715,UiTM Puncak Alam ~ Bandar Puncak Alam
T7548,2026-04-13,2026-04,0,T754,Hentian Bandar Shah Alam ~ Terminal Seksyen 17
T7568,2026-04-13,2026-04,0.7513,T756,Kemuning Business Park ~ Hentian Bandar via Taman Muda
T7740,2026-04-13,2026-04,0.8285,T774,"Stesen LRT Glenmarie ~ MSU, Stadium Shah Alam"
T7760,2026-04-13,2026-04,0.7318,T776,Stesen LRT USJ 7 ~ Subang Mewah
T7800,2026-04-13,2026-04,0,T780,Stesen LRT BU 11 ~ Stesen LRT Kelana Jaya
T7810,2026-04-13,2026-04,0.5732,T781,Stesen LRT Kelana Jaya ~ Stesen LRT Subang
T7820,2026-04-13,2026-04,0.9875,T782,Stesen LRT Lembah Subang ~ Ara Damansara
T7860,2026-04-13,2026-04,0.3313,T786,Stesen LRT Asia Jaya ~ Stesen MRT Phileo Damansara
T7870,2026-04-13,2026-04,0.9373,T787,Stesen LRT Asia Jaya ~ Seksyen 14 & 18
T7890,2026-04-13,2026-04,0.9841,T789,Stesen LRT Universiti ~ Universiti Malaya via Pantai Hillpark
T8500,2026-04-13,2026-04,1,T850,Stesen LRT Bangsar ~ Stesen MRT Semantan
U1510,2026-04-13,2026-04,0.6574,151,Bandar Baru Selayang ~ Hab Pasar Seni
U1710,2026-04-13,2026-04,0.8526,171,Hab Wira Damai ~ Lebuh Ampang via Sentul
U1730,2026-04-13,2026-04,0.9745,173,Taman Jasa Utama ~ Lebuh Ampang
U1800,2026-04-13,2026-04,0.8196,180,Taman Dato' Senu ~ Hab Pasar Seni
U1900,2026-04-13,2026-04,0.9244,190,Desa Sri Hartamas ~ Lin Ho Jln Lekiu
U2000,2026-04-13,2026-04,0.8807,200,UIA Gombak ~ SOGO KL
U2018,2026-04-13,2026-04,0.6509,201,Batu 12 Gombak – SOGO KL
U2020,2026-04-13,2026-04,0.7792,202,Hub Wira Damai ~ Lebuh Ampang via Gombak
U2200,2026-04-13,2026-04,0.3669,220,Taman Melawati ~ Lebuh Ampang
U2220,2026-04-13,2026-04,0.7213,222,Taman Melawati ~ Stesen LRT Wangsa Maju
U2500,2026-04-13,2026-04,0.8597,250,Stesen LRT Wangsa Maju ~ Lebuh Ampang
U2510,2026-04-13,2026-04,0.8985,251,AU3 Jentayu ~ Chow Kit
U2538,2026-04-13,2026-04,0.5917,253,Stesen LRT Wangsa Maju ~ Ampang Point
U2548,2026-04-13,2026-04,0.29,254,Ayer Panas ~ Titiwangsa via Chowkit
U3000,2026-04-13,2026-04,0.4851,300,Terminal Maluri ~ Lebuh Ampang
U3020,2026-04-13,2026-04,0.9082,302,Titiwangsa ~ KLCC
U3030,2026-04-13,2026-04,0.9365,303,Taman Mulia Jaya ~ Lebuh Ampang
U4000,2026-04-13,2026-04,0.8931,400,Damai Perdana ~ Hab Pasar Seni via Bukit Bintang
U4210,2026-04-13,2026-04,0,421,Hentian Taman Dagang ~ Menara Maybank via Bukit Bintang
U4500,2026-04-13,2026-04,0.812,450,Hentian Kajang ~ Hab Pasar Seni
U5410,2026-04-13,2026-04,0,541,Stesen MRT Taman Equine ~ Stesen LRT BK 5
U5800,2026-04-13,2026-04,0,580,Desa Petaling ~ Pasar Seni via Stesen LRT Salak Selatan
U5810,2026-04-13,2026-04,0.5048,581,Desa Tasik ~ Stesen LRT Bandar Tasik Selatan
U5900,2026-04-13,2026-04,0.7394,590,Bandar Sungai Long ~ Hab Pasar Seni
U6000,2026-04-13,2026-04,0.5863,600,Puchong Utama ~ Hab Pasar Seni
U6400,2026-04-13,2026-04,0.8024,640,Hab Bas Sri Manja ~ Hab Pasar Seni
U6418,2026-04-13,2026-04,0.7708,641,Stesen LRT Subang Jaya ~ Pearl Point
U6500,2026-04-13,2026-04,0.8471,650,Taman Desa ~ Hab Pasar Seni
U6510,2026-04-13,2026-04,0.7073,651,Stesen LRT Muhibbah ~Pearl Point
U6520,2026-04-13,2026-04,0.8485,652,Stesen LRT Awan Besar ~Batu 3 Jalan Klang Lama
U7508,2026-04-13,2026-04,0.877,750,Hab Sekysen 2 ~ Hab Pasar Seni
U7510,2026-04-13,2026-04,0.5778,751,Taman Sri Muda ~ Hab Pasar Seni
U7520,2026-04-13,2026-04,0.8112,752,Stesen LRT Putra Height ~ Hentian Bandar Shah Alam
U7538,2026-04-13,2026-04,0.9651,753,Hentian Bandar Shah Alam ~ UiTM Puncak Alam
U7548,2026-04-13,2026-04,0.6267,754,LRT Stadium Shah Alam ~ UITM Puncak Perdana
U7700,2026-04-13,2026-04,0.6296,770,Subang Mewah USJ 1 ~ Hab Pasar Seni
U7718,2026-04-13,2026-04,0.6291,771,Subang Mewah USJ 1 ~ Desa Mentari via Persiaran Tujuan
U7720,2026-04-13,2026-04,0.746,772,Subang Suria Mah Sing ~ Hab Pasar Seni
U7800,2026-04-13,2026-04,0.8789,780,Kota Damansara ~ Hab Pasar Seni
U7828,2026-04-13,2026-04,0.7824,782,Hentian PJ Old Town ~ Hab Pasar Seni
U7830,2026-04-13,2026-04,0.4591,783,Stesen LRT Kelana Jaya ~ Subang Parade
U8210,2026-04-13,2026-04,0.83,821,Pantai Hill Park ~ Hab Pasar Seni
U8220,2026-04-13,2026-04,0,822,Stesen LRT Bangsar ~ Bangsar Shopping Centre
P1010,2026-04-14,2026-04,0,P101,Kompleks F ~ Presint 5
S6060,2026-04-14,2026-04,0,PAVILION BUKIT JALIL (PAVBJ),Stesen LRT Awan Besar ~ Pavilion Bukit Jalil
T2000,2026-04-14,2026-04,0.8627,T200,Stesen LRT Gombak ~ UIA Gombak
T2010,2026-04-14,2026-04,0.7961,T201,Stesen LRT Gombak ~ Hab Wira Damai
T2230,2026-04-14,2026-04,0.9517,T223,"Stesen LRT Setiawangsa ~ AU3, Jentayu, Keramat"
T2500,2026-04-14,2026-04,0.6308,T250,Stesen LRT Wangsa Maju ~ Setapak Sentral
T2510,2026-04-14,2026-04,0.8295,T251,Stesen LRT Sri Rampai ~ Seksyen 10 Wangsa Maju
T3008,2026-04-14,2026-04,0.8217,T300,Bukit Indah ~ Ampang Point via Jalan Rasmi
T3028,2026-04-14,2026-04,0.803,T302,Hutan Lipur Ampang ~ Ampang Point
T3048,2026-04-14,2026-04,0.5449,T304,Bukit Indah ~ Ampang Point via Jalan Ampang
T3510,2026-04-14,2026-04,0.8091,T351,Stesen LRT Cempaka ~ Taman Bukit Permai
T4068,2026-04-14,2026-04,0.9054,T406,Cheras Batu 10 ~ Pangsun
T5718,2026-04-14,2026-04,0.7117,T571,Stesen KTM Serdang ~ Taman Sri Pulai
T5810,2026-04-14,2026-04,0.7549,T581,Stesen LRT Alam Sutera ~ PPR Pinggiran Bukit Jalil
T6000,2026-04-14,2026-04,0.6069,T600,Stesen LRT IOI Puchong ~ Taman Wawasan
T6010,2026-04-14,2026-04,0.9395,T601,Puchong Utama ~ Puchong Prima
T6030,2026-04-14,2026-04,0.739,T603,Stesen LRT Puchong Prima ~ Taman Mas Sepang
T6040,2026-04-14,2026-04,0.9141,T604,Stesen LRT Perindustrian Puchong ~ Taman Kinrara
T6050,2026-04-14,2026-04,0.9447,T605,Stesen LRT Bandar Puteri ~ Taman Wawasan
T6400,2026-04-14,2026-04,0.7574,T640,Stesen LRT Taman Jaya ~ Taman Sri Sentosa
T7158,2026-04-14,2026-04,0.7153,T715,UiTM Puncak Alam ~ Bandar Puncak Alam
T7548,2026-04-14,2026-04,0.8807,T754,Hentian Bandar Shah Alam ~ Terminal Seksyen 17
T7568,2026-04-14,2026-04,0.8542,T756,Kemuning Business Park ~ Hentian Bandar via Taman Muda
T7740,2026-04-14,2026-04,0.7621,T774,"Stesen LRT Glenmarie ~ MSU, Stadium Shah Alam"
T7800,2026-04-14,2026-04,0.8443,T780,Stesen LRT BU 11 ~ Stesen LRT Kelana Jaya
T7810,2026-04-14,2026-04,0.4097,T781,Stesen LRT Kelana Jaya ~ Stesen LRT Subang
T7820,2026-04-14,2026-04,1,T782,Stesen LRT Lembah Subang ~ Ara Damansara
T7860,2026-04-14,2026-04,0.8686,T786,Stesen LRT Asia Jaya ~ Stesen MRT Phileo Damansara
T7870,2026-04-14,2026-04,0.9259,T787,Stesen LRT Asia Jaya ~ Seksyen 14 & 18
T7890,2026-04-14,2026-04,0.8992,T789,Stesen LRT Universiti ~ Universiti Malaya via Pantai Hillpark
T7910,2026-04-14,2026-04,0.8891,T791,Stesen LRT Kerinchi ~ Pantai Hill Park
T8500,2026-04-14,2026-04,0.8962,T850,Stesen LRT Bangsar ~ Stesen MRT Semantan
U1510,2026-04-14,2026-04,0.632,151,Bandar Baru Selayang ~ Hab Pasar Seni
U1710,2026-04-14,2026-04,0.7302,171,Hab Wira Damai ~ Lebuh Ampang via Sentul
U1730,2026-04-14,2026-04,0.7313,173,Taman Jasa Utama ~ Lebuh Ampang
U1800,2026-04-14,2026-04,0.8194,180,Taman Dato' Senu ~ Hab Pasar Seni
U1900,2026-04-14,2026-04,0.9156,190,Desa Sri Hartamas ~ Lin Ho Jln Lekiu
U2000,2026-04-14,2026-04,0.4767,200,UIA Gombak ~ SOGO KL
U2018,2026-04-14,2026-04,1,201,Batu 12 Gombak – SOGO KL
U2020,2026-04-14,2026-04,0.7148,202,Hub Wira Damai ~ Lebuh Ampang via Gombak
U2200,2026-04-14,2026-04,0.5144,220,Taman Melawati ~ Lebuh Ampang
U2220,2026-04-14,2026-04,0.6659,222,Taman Melawati ~ Stesen LRT Wangsa Maju
U2500,2026-04-14,2026-04,0.9338,250,Stesen LRT Wangsa Maju ~ Lebuh Ampang
U2510,2026-04-14,2026-04,0.9565,251,AU3 Jentayu ~ Chow Kit
U2538,2026-04-14,2026-04,0.6173,253,Stesen LRT Wangsa Maju ~ Ampang Point
U2548,2026-04-14,2026-04,0.692,254,Ayer Panas ~ Titiwangsa via Chowkit
U3000,2026-04-14,2026-04,0,300,Terminal Maluri ~ Lebuh Ampang
U3020,2026-04-14,2026-04,0.9269,302,Titiwangsa ~ KLCC
U3030,2026-04-14,2026-04,0.9395,303,Taman Mulia Jaya ~ Lebuh Ampang
U4000,2026-04-14,2026-04,0.8254,400,Damai Perdana ~ Hab Pasar Seni via Bukit Bintang
U4210,2026-04-14,2026-04,0.3263,421,Hentian Taman Dagang ~ Menara Maybank via Bukit Bintang
U4500,2026-04-14,2026-04,0.8529,450,Hentian Kajang ~ Hab Pasar Seni
U5410,2026-04-14,2026-04,0.5693,541,Stesen MRT Taman Equine ~ Stesen LRT BK 5
U5800,2026-04-14,2026-04,0.3376,580,Desa Petaling ~ Pasar Seni via Stesen LRT Salak Selatan
U5810,2026-04-14,2026-04,0.5282,581,Desa Tasik ~ Stesen LRT Bandar Tasik Selatan
U5900,2026-04-14,2026-04,0.7615,590,Bandar Sungai Long ~ Hab Pasar Seni
U6000,2026-04-14,2026-04,0.6132,600,Puchong Utama ~ Hab Pasar Seni
U6400,2026-04-14,2026-04,0.8683,640,Hab Bas Sri Manja ~ Hab Pasar Seni
U6418,2026-04-14,2026-04,0.7535,641,Stesen LRT Subang Jaya ~ Pearl Point
U6500,2026-04-14,2026-04,0.8591,650,Taman Desa ~ Hab Pasar Seni
U6510,2026-04-14,2026-04,0.7242,651,Stesen LRT Muhibbah ~Pearl Point
U6520,2026-04-14,2026-04,0.7557,652,Stesen LRT Awan Besar ~Batu 3 Jalan Klang Lama
U7508,2026-04-14,2026-04,0.8759,750,Hab Sekysen 2 ~ Hab Pasar Seni
U7510,2026-04-14,2026-04,0.569,751,Taman Sri Muda ~ Hab Pasar Seni
U7520,2026-04-14,2026-04,0.8052,752,Stesen LRT Putra Height ~ Hentian Bandar Shah Alam
U7538,2026-04-14,2026-04,0.9525,753,Hentian Bandar Shah Alam ~ UiTM Puncak Alam
U7548,2026-04-14,2026-04,0.5988,754,LRT Stadium Shah Alam ~ UITM Puncak Perdana
U7700,2026-04-14,2026-04,0.67,770,Subang Mewah USJ 1 ~ Hab Pasar Seni
U7718,2026-04-14,2026-04,0.9121,771,Subang Mewah USJ 1 ~ Desa Mentari via Persiaran Tujuan
U7720,2026-04-14,2026-04,0.7499,772,Subang Suria Mah Sing ~ Hab Pasar Seni
U7800,2026-04-14,2026-04,0,780,Kota Damansara ~ Hab Pasar Seni
U7828,2026-04-14,2026-04,0.8745,782,Hentian PJ Old Town ~ Hab Pasar Seni
U7830,2026-04-14,2026-04,0.7005,783,Stesen LRT Kelana Jaya ~ Subang Parade
U8210,2026-04-14,2026-04,0.6783,821,Pantai Hill Park ~ Hab Pasar Seni
U8220,2026-04-14,2026-04,0,822,Stesen LRT Bangsar ~ Bangsar Shopping Centre
S6060,2026-04-15,2026-04,0,PAVILION BUKIT JALIL (PAVBJ),Stesen LRT Awan Besar ~ Pavilion Bukit Jalil
T2000,2026-04-15,2026-04,0.3455,T200,Stesen LRT Gombak ~ UIA Gombak
T2010,2026-04-15,2026-04,0.838,T201,Stesen LRT Gombak ~ Hab Wira Damai
T2500,2026-04-15,2026-04,0.7248,T250,Stesen LRT Wangsa Maju ~ Setapak Sentral
T2510,2026-04-15,2026-04,0.6808,T251,Stesen LRT Sri Rampai ~ Seksyen 10 Wangsa Maju
T3008,2026-04-15,2026-04,0.7732,T300,Bukit Indah ~ Ampang Point via Jalan Rasmi
T3018,2026-04-15,2026-04,0.9496,T301,Taman Mulia Jaya ~ Ampang Point via Jalan Merdeka
T3028,2026-04-15,2026-04,0.8062,T302,Hutan Lipur Ampang ~ Ampang Point
T3048,2026-04-15,2026-04,0.5654,T304,Bukit Indah ~ Ampang Point via Jalan Ampang
T3500,2026-04-15,2026-04,0.4835,T350,Stesen LRT Cempaka ~ Taman Mawar
T4068,2026-04-15,2026-04,0.8184,T406,Cheras Batu 10 ~ Pangsun
T5718,2026-04-15,2026-04,0.7627,T571,Stesen KTM Serdang ~ Taman Sri Pulai
T5800,2026-04-15,2026-04,0.5139,T580,Stesen LRT Awan Besar ~ TPM via Stesen LRT Bukit Jalil
T5810,2026-04-15,2026-04,0.7889,T581,Stesen LRT Alam Sutera ~ PPR Pinggiran Bukit Jalil
T6000,2026-04-15,2026-04,0.6595,T600,Stesen LRT IOI Puchong ~ Taman Wawasan
T6010,2026-04-15,2026-04,0.9282,T601,Puchong Utama ~ Puchong Prima
T6030,2026-04-15,2026-04,0.9103,T603,Stesen LRT Puchong Prima ~ Taman Mas Sepang
T6040,2026-04-15,2026-04,0.9125,T604,Stesen LRT Perindustrian Puchong ~ Taman Kinrara
T6050,2026-04-15,2026-04,0.951,T605,Stesen LRT Bandar Puteri ~ Taman Wawasan
T6400,2026-04-15,2026-04,0.6104,T640,Stesen LRT Taman Jaya ~ Taman Sri Sentosa
T7158,2026-04-15,2026-04,0.7742,T715,UiTM Puncak Alam ~ Bandar Puncak Alam
T7548,2026-04-15,2026-04,0,T754,Hentian Bandar Shah Alam ~ Terminal Seksyen 17
T7568,2026-04-15,2026-04,0.8759,T756,Kemuning Business Park ~ Hentian Bandar via Taman Muda
T7740,2026-04-15,2026-04,0.7194,T774,"Stesen LRT Glenmarie ~ MSU, Stadium Shah Alam"
T7800,2026-04-15,2026-04,0.658,T780,Stesen LRT BU 11 ~ Stesen LRT Kelana Jaya
T7810,2026-04-15,2026-04,0.3048,T781,Stesen LRT Kelana Jaya ~ Stesen LRT Subang
T7820,2026-04-15,2026-04,0.4428,T782,Stesen LRT Lembah Subang ~ Ara Damansara
T7860,2026-04-15,2026-04,0.3692,T786,Stesen LRT Asia Jaya ~ Stesen MRT Phileo Damansara
T7870,2026-04-15,2026-04,0.8791,T787,Stesen LRT Asia Jaya ~ Seksyen 14 & 18
T7880,2026-04-15,2026-04,0,T788,Stesen LRT Universiti ~ Mid Valley
T7890,2026-04-15,2026-04,0.9556,T789,Stesen LRT Universiti ~ Universiti Malaya via Pantai Hillpark
T7910,2026-04-15,2026-04,0.7564,T791,Stesen LRT Kerinchi ~ Pantai Hill Park
T8500,2026-04-15,2026-04,0.805,T850,Stesen LRT Bangsar ~ Stesen MRT Semantan
U1510,2026-04-15,2026-04,0.6503,151,Bandar Baru Selayang ~ Hab Pasar Seni
U1710,2026-04-15,2026-04,0.7436,171,Hab Wira Damai ~ Lebuh Ampang via Sentul
U1730,2026-04-15,2026-04,0.8673,173,Taman Jasa Utama ~ Lebuh Ampang
U1800,2026-04-15,2026-04,0.7634,180,Taman Dato' Senu ~ Hab Pasar Seni
U1900,2026-04-15,2026-04,0.8205,190,Desa Sri Hartamas ~ Lin Ho Jln Lekiu
U2000,2026-04-15,2026-04,0.8812,200,UIA Gombak ~ SOGO KL
U2018,2026-04-15,2026-04,0.9573,201,Batu 12 Gombak – SOGO KL
U2020,2026-04-15,2026-04,0.5554,202,Hub Wira Damai ~ Lebuh Ampang via Gombak
U2200,2026-04-15,2026-04,0.3933,220,Taman Melawati ~ Lebuh Ampang
U2220,2026-04-15,2026-04,0.8043,222,Taman Melawati ~ Stesen LRT Wangsa Maju
U2500,2026-04-15,2026-04,0.9143,250,Stesen LRT Wangsa Maju ~ Lebuh Ampang
U2510,2026-04-15,2026-04,0.7234,251,AU3 Jentayu ~ Chow Kit
U2538,2026-04-15,2026-04,0.4744,253,Stesen LRT Wangsa Maju ~ Ampang Point
U2548,2026-04-15,2026-04,0.6002,254,Ayer Panas ~ Titiwangsa via Chowkit
U3000,2026-04-15,2026-04,1,300,Terminal Maluri ~ Lebuh Ampang
U3020,2026-04-15,2026-04,0.7401,302,Titiwangsa ~ KLCC
U3030,2026-04-15,2026-04,0.8549,303,Taman Mulia Jaya ~ Lebuh Ampang
U4000,2026-04-15,2026-04,0.8212,400,Damai Perdana ~ Hab Pasar Seni via Bukit Bintang
U4200,2026-04-15,2026-04,0.758,420,Hentian Taman Dagang ~ Menara Maybank via Bukit Bintang
U4210,2026-04-15,2026-04,0.7888,421,Hentian Taman Dagang ~ Menara Maybank via Bukit Bintang
U4500,2026-04-15,2026-04,0.8411,450,Hentian Kajang ~ Hab Pasar Seni
U5410,2026-04-15,2026-04,0,541,Stesen MRT Taman Equine ~ Stesen LRT BK 5
U5800,2026-04-15,2026-04,0.8857,580,Desa Petaling ~ Pasar Seni via Stesen LRT Salak Selatan
U5810,2026-04-15,2026-04,0.4319,581,Desa Tasik ~ Stesen LRT Bandar Tasik Selatan
U5900,2026-04-15,2026-04,0.6474,590,Bandar Sungai Long ~ Hab Pasar Seni
U6000,2026-04-15,2026-04,0.6313,600,Puchong Utama ~ Hab Pasar Seni
U6400,2026-04-15,2026-04,0.8945,640,Hab Bas Sri Manja ~ Hab Pasar Seni
U6418,2026-04-15,2026-04,0.9098,641,Stesen LRT Subang Jaya ~ Pearl Point
U6500,2026-04-15,2026-04,0.842,650,Taman Desa ~ Hab Pasar Seni
U6510,2026-04-15,2026-04,0.6193,651,Stesen LRT Muhibbah ~Pearl Point
U7508,2026-04-15,2026-04,0.6572,750,Hab Sekysen 2 ~ Hab Pasar Seni
U7510,2026-04-15,2026-04,0.4151,751,Taman Sri Muda ~ Hab Pasar Seni
U7520,2026-04-15,2026-04,0.7985,752,Stesen LRT Putra Height ~ Hentian Bandar Shah Alam
U7538,2026-04-15,2026-04,0.9761,753,Hentian Bandar Shah Alam ~ UiTM Puncak Alam
U7548,2026-04-15,2026-04,0.6306,754,LRT Stadium Shah Alam ~ UITM Puncak Perdana
U7700,2026-04-15,2026-04,0.4922,770,Subang Mewah USJ 1 ~ Hab Pasar Seni
U7718,2026-04-15,2026-04,0.7109,771,Subang Mewah USJ 1 ~ Desa Mentari via Persiaran Tujuan
U7720,2026-04-15,2026-04,0.5327,772,Subang Suria Mah Sing ~ Hab Pasar Seni
U7800,2026-04-15,2026-04,0.6945,780,Kota Damansara ~ Hab Pasar Seni
U7828,2026-04-15,2026-04,0.7983,782,Hentian PJ Old Town ~ Hab Pasar Seni
U7830,2026-04-15,2026-04,0.5382,783,Stesen LRT Kelana Jaya ~ Subang Parade
U8210,2026-04-15,2026-04,0.7929,821,Pantai Hill Park ~ Hab Pasar Seni
U8220,2026-04-15,2026-04,0,822,Stesen LRT Bangsar ~ Bangsar Shopping Centre
S6060,2026-04-16,2026-04,0,PAVILION BUKIT JALIL (PAVBJ),Stesen LRT Awan Besar ~ Pavilion Bukit Jalil
T2000,2026-04-16,2026-04,0.1903,T200,Stesen LRT Gombak ~ UIA Gombak
T2010,2026-04-16,2026-04,0.9074,T201,Stesen LRT Gombak ~ Hab Wira Damai
T2500,2026-04-16,2026-04,0.8359,T250,Stesen LRT Wangsa Maju ~ Setapak Sentral
T2510,2026-04-16,2026-04,0,T251,Stesen LRT Sri Rampai ~ Seksyen 10 Wangsa Maju
T3008,2026-04-16,2026-04,0,T300,Bukit Indah ~ Ampang Point via Jalan Rasmi
T3018,2026-04-16,2026-04,0.9431,T301,Taman Mulia Jaya ~ Ampang Point via Jalan Merdeka
T3028,2026-04-16,2026-04,0.82,T302,Hutan Lipur Ampang ~ Ampang Point
T3048,2026-04-16,2026-04,0,T304,Bukit Indah ~ Ampang Point via Jalan Ampang
T3500,2026-04-16,2026-04,0.6928,T350,Stesen LRT Cempaka ~ Taman Mawar
T4068,2026-04-16,2026-04,0.8717,T406,Cheras Batu 10 ~ Pangsun
T5718,2026-04-16,2026-04,0.7343,T571,Stesen KTM Serdang ~ Taman Sri Pulai
T5810,2026-04-16,2026-04,0.7799,T581,Stesen LRT Alam Sutera ~ PPR Pinggiran Bukit Jalil
T6000,2026-04-16,2026-04,0.6445,T600,Stesen LRT IOI Puchong ~ Taman Wawasan
T6010,2026-04-16,2026-04,0.9048,T601,Puchong Utama ~ Puchong Prima
T6030,2026-04-16,2026-04,0.6377,T603,Stesen LRT Puchong Prima ~ Taman Mas Sepang
T6040,2026-04-16,2026-04,0.8456,T604,Stesen LRT Perindustrian Puchong ~ Taman Kinrara
T6050,2026-04-16,2026-04,0.9713,T605,Stesen LRT Bandar Puteri ~ Taman Wawasan
T6400,2026-04-16,2026-04,0.7395,T640,Stesen LRT Taman Jaya ~ Taman Sri Sentosa
T7158,2026-04-16,2026-04,0.7375,T715,UiTM Puncak Alam ~ Bandar Puncak Alam
T7548,2026-04-16,2026-04,0,T754,Hentian Bandar Shah Alam ~ Terminal Seksyen 17
T7568,2026-04-16,2026-04,0.8844,T756,Kemuning Business Park ~ Hentian Bandar via Taman Muda
T7740,2026-04-16,2026-04,0.5519,T774,"Stesen LRT Glenmarie ~ MSU, Stadium Shah Alam"
T7800,2026-04-16,2026-04,0.83,T780,Stesen LRT BU 11 ~ Stesen LRT Kelana Jaya
T7810,2026-04-16,2026-04,0.302,T781,Stesen LRT Kelana Jaya ~ Stesen LRT Subang
T7820,2026-04-16,2026-04,0.9687,T782,Stesen LRT Lembah Subang ~ Ara Damansara
T7860,2026-04-16,2026-04,0.6678,T786,Stesen LRT Asia Jaya ~ Stesen MRT Phileo Damansara
T7870,2026-04-16,2026-04,0.874,T787,Stesen LRT Asia Jaya ~ Seksyen 14 & 18
T7880,2026-04-16,2026-04,0,T788,Stesen LRT Universiti ~ Mid Valley
T7890,2026-04-16,2026-04,0.0899,T789,Stesen LRT Universiti ~ Universiti Malaya via Pantai Hillpark
T7900,2026-04-16,2026-04,1,T790,Stesen LRT Paramount ~ Mid Valley
T7910,2026-04-16,2026-04,0.8711,T791,Stesen LRT Kerinchi ~ Pantai Hill Park
T8500,2026-04-16,2026-04,1,T850,Stesen LRT Bangsar ~ Stesen MRT Semantan
U1510,2026-04-16,2026-04,0.6685,151,Bandar Baru Selayang ~ Hab Pasar Seni
U1710,2026-04-16,2026-04,0.8081,171,Hab Wira Damai ~ Lebuh Ampang via Sentul
U1730,2026-04-16,2026-04,0.7818,173,Taman Jasa Utama ~ Lebuh Ampang
U1800,2026-04-16,2026-04,0.7497,180,Taman Dato' Senu ~ Hab Pasar Seni
U1900,2026-04-16,2026-04,0.8814,190,Desa Sri Hartamas ~ Lin Ho Jln Lekiu
U2000,2026-04-16,2026-04,0.858,200,UIA Gombak ~ SOGO KL
U2018,2026-04-16,2026-04,0.6066,201,Batu 12 Gombak – SOGO KL
U2020,2026-04-16,2026-04,0.7694,202,Hub Wira Damai ~ Lebuh Ampang via Gombak
U2200,2026-04-16,2026-04,0.0875,220,Taman Melawati ~ Lebuh Ampang
U2220,2026-04-16,2026-04,0,222,Taman Melawati ~ Stesen LRT Wangsa Maju
U2500,2026-04-16,2026-04,0.53,250,Stesen LRT Wangsa Maju ~ Lebuh Ampang
U2510,2026-04-16,2026-04,0.612,251,AU3 Jentayu ~ Chow Kit
U2538,2026-04-16,2026-04,0.4421,253,Stesen LRT Wangsa Maju ~ Ampang Point
U2548,2026-04-16,2026-04,0.385,254,Ayer Panas ~ Titiwangsa via Chowkit
U3000,2026-04-16,2026-04,1,300,Terminal Maluri ~ Lebuh Ampang
U3020,2026-04-16,2026-04,0.783,302,Titiwangsa ~ KLCC
U3030,2026-04-16,2026-04,0.9598,303,Taman Mulia Jaya ~ Lebuh Ampang
U4000,2026-04-16,2026-04,0.6988,400,Damai Perdana ~ Hab Pasar Seni via Bukit Bintang
U4200,2026-04-16,2026-04,1,420,Hentian Taman Dagang ~ Menara Maybank via Bukit Bintang
U4210,2026-04-16,2026-04,0.7689,421,Hentian Taman Dagang ~ Menara Maybank via Bukit Bintang
U4500,2026-04-16,2026-04,0.8187,450,Hentian Kajang ~ Hab Pasar Seni
U5410,2026-04-16,2026-04,0,541,Stesen MRT Taman Equine ~ Stesen LRT BK 5
U5800,2026-04-16,2026-04,0.7029,580,Desa Petaling ~ Pasar Seni via Stesen LRT Salak Selatan
U5810,2026-04-16,2026-04,0.5512,581,Desa Tasik ~ Stesen LRT Bandar Tasik Selatan
U5900,2026-04-16,2026-04,0.8611,590,Bandar Sungai Long ~ Hab Pasar Seni
U6000,2026-04-16,2026-04,0.6069,600,Puchong Utama ~ Hab Pasar Seni
U6400,2026-04-16,2026-04,0.8421,640,Hab Bas Sri Manja ~ Hab Pasar Seni
U6418,2026-04-16,2026-04,0.7773,641,Stesen LRT Subang Jaya ~ Pearl Point
U6500,2026-04-16,2026-04,0.7877,650,Taman Desa ~ Hab Pasar Seni
U6510,2026-04-16,2026-04,0.6527,651,Stesen LRT Muhibbah ~Pearl Point
U6520,2026-04-16,2026-04,0.7951,652,Stesen LRT Awan Besar ~Batu 3 Jalan Klang Lama
U7508,2026-04-16,2026-04,0.874,750,Hab Sekysen 2 ~ Hab Pasar Seni
U7510,2026-04-16,2026-04,0.5665,751,Taman Sri Muda ~ Hab Pasar Seni
U7520,2026-04-16,2026-04,0.8161,752,Stesen LRT Putra Height ~ Hentian Bandar Shah Alam
U7538,2026-04-16,2026-04,0.9339,753,Hentian Bandar Shah Alam ~ UiTM Puncak Alam
U7548,2026-04-16,2026-04,0.6872,754,LRT Stadium Shah Alam ~ UITM Puncak Perdana
U7700,2026-04-16,2026-04,0.5105,770,Subang Mewah USJ 1 ~ Hab Pasar Seni
U7718,2026-04-16,2026-04,0,771,Subang Mewah USJ 1 ~ Desa Mentari via Persiaran Tujuan
U7720,2026-04-16,2026-04,0.3933,772,Subang Suria Mah Sing ~ Hab Pasar Seni
U7800,2026-04-16,2026-04,0.7879,780,Kota Damansara ~ Hab Pasar Seni
U7828,2026-04-16,2026-04,0.7991,782,Hentian PJ Old Town ~ Hab Pasar Seni
U7830,2026-04-16,2026-04,0.8095,783,Stesen LRT Kelana Jaya ~ Subang Parade
U8210,2026-04-16,2026-04,0.8043,821,Pantai Hill Park ~ Hab Pasar Seni
U8220,2026-04-16,2026-04,0,822,Stesen LRT Bangsar ~ Bangsar Shopping Centre
S6060,2026-04-17,2026-04,0.0796,PAVILION BUKIT JALIL (PAVBJ),Stesen LRT Awan Besar ~ Pavilion Bukit Jalil
T2000,2026-04-17,2026-04,0.1727,T200,Stesen LRT Gombak ~ UIA Gombak
T2010,2026-04-17,2026-04,0.5768,T201,Stesen LRT Gombak ~ Hab Wira Damai
T2240,2026-04-17,2026-04,0,T224,Stesen LRT Dato Keramat ~ Desa Pandan
T2500,2026-04-17,2026-04,0.8764,T250,Stesen LRT Wangsa Maju ~ Setapak Sentral
T2510,2026-04-17,2026-04,0.7057,T251,Stesen LRT Sri Rampai ~ Seksyen 10 Wangsa Maju
T3008,2026-04-17,2026-04,0.6127,T300,Bukit Indah ~ Ampang Point via Jalan Rasmi
T3018,2026-04-17,2026-04,0.9133,T301,Taman Mulia Jaya ~ Ampang Point via Jalan Merdeka
T3028,2026-04-17,2026-04,0.8714,T302,Hutan Lipur Ampang ~ Ampang Point
T3048,2026-04-17,2026-04,0.5804,T304,Bukit Indah ~ Ampang Point via Jalan Ampang
T3510,2026-04-17,2026-04,0.8147,T351,Stesen LRT Cempaka ~ Taman Bukit Permai
T4068,2026-04-17,2026-04,0.6855,T406,Cheras Batu 10 ~ Pangsun
T5718,2026-04-17,2026-04,0.7437,T571,Stesen KTM Serdang ~ Taman Sri Pulai
T5810,2026-04-17,2026-04,0.7332,T581,Stesen LRT Alam Sutera ~ PPR Pinggiran Bukit Jalil
T6000,2026-04-17,2026-04,0.6034,T600,Stesen LRT IOI Puchong ~ Taman Wawasan
T6010,2026-04-17,2026-04,0.9559,T601,Puchong Utama ~ Puchong Prima
T6030,2026-04-17,2026-04,0.8386,T603,Stesen LRT Puchong Prima ~ Taman Mas Sepang
T6040,2026-04-17,2026-04,0.8367,T604,Stesen LRT Perindustrian Puchong ~ Taman Kinrara
T6050,2026-04-17,2026-04,0.9896,T605,Stesen LRT Bandar Puteri ~ Taman Wawasan
T6400,2026-04-17,2026-04,0.6786,T640,Stesen LRT Taman Jaya ~ Taman Sri Sentosa
T7158,2026-04-17,2026-04,0.7943,T715,UiTM Puncak Alam ~ Bandar Puncak Alam
T7548,2026-04-17,2026-04,0,T754,Hentian Bandar Shah Alam ~ Terminal Seksyen 17
T7568,2026-04-17,2026-04,0.7001,T756,Kemuning Business Park ~ Hentian Bandar via Taman Muda
T7740,2026-04-17,2026-04,0.9446,T774,"Stesen LRT Glenmarie ~ MSU, Stadium Shah Alam"
T7760,2026-04-17,2026-04,0.6374,T776,Stesen LRT USJ 7 ~ Subang Mewah
T7800,2026-04-17,2026-04,0.8765,T780,Stesen LRT BU 11 ~ Stesen LRT Kelana Jaya
T7810,2026-04-17,2026-04,0.5719,T781,Stesen LRT Kelana Jaya ~ Stesen LRT Subang
T7820,2026-04-17,2026-04,0.9843,T782,Stesen LRT Lembah Subang ~ Ara Damansara
T7860,2026-04-17,2026-04,0.4733,T786,Stesen LRT Asia Jaya ~ Stesen MRT Phileo Damansara
T7870,2026-04-17,2026-04,0.9453,T787,Stesen LRT Asia Jaya ~ Seksyen 14 & 18
T7880,2026-04-17,2026-04,0,T788,Stesen LRT Universiti ~ Mid Valley
T7890,2026-04-17,2026-04,0.9758,T789,Stesen LRT Universiti ~ Universiti Malaya via Pantai Hillpark
T8500,2026-04-17,2026-04,0,T850,Stesen LRT Bangsar ~ Stesen MRT Semantan
U1510,2026-04-17,2026-04,0.6391,151,Bandar Baru Selayang ~ Hab Pasar Seni
U1710,2026-04-17,2026-04,0.8235,171,Hab Wira Damai ~ Lebuh Ampang via Sentul
U1730,2026-04-17,2026-04,0.8315,173,Taman Jasa Utama ~ Lebuh Ampang
U1800,2026-04-17,2026-04,0.8618,180,Taman Dato' Senu ~ Hab Pasar Seni
U1900,2026-04-17,2026-04,0.9116,190,Desa Sri Hartamas ~ Lin Ho Jln Lekiu
U2000,2026-04-17,2026-04,0.6694,200,UIA Gombak ~ SOGO KL
U2018,2026-04-17,2026-04,0.9293,201,Batu 12 Gombak – SOGO KL
U2020,2026-04-17,2026-04,0.811,202,Hub Wira Damai ~ Lebuh Ampang via Gombak
U2200,2026-04-17,2026-04,0.7115,220,Taman Melawati ~ Lebuh Ampang
U2220,2026-04-17,2026-04,0.8388,222,Taman Melawati ~ Stesen LRT Wangsa Maju
U2500,2026-04-17,2026-04,0.9343,250,Stesen LRT Wangsa Maju ~ Lebuh Ampang
U2510,2026-04-17,2026-04,0.451,251,AU3 Jentayu ~ Chow Kit
U2538,2026-04-17,2026-04,0.5819,253,Stesen LRT Wangsa Maju ~ Ampang Point
U2548,2026-04-17,2026-04,0.8572,254,Ayer Panas ~ Titiwangsa via Chowkit
U3000,2026-04-17,2026-04,0.5479,300,Terminal Maluri ~ Lebuh Ampang
U3020,2026-04-17,2026-04,0.8025,302,Titiwangsa ~ KLCC
U3030,2026-04-17,2026-04,0.9302,303,Taman Mulia Jaya ~ Lebuh Ampang
U4000,2026-04-17,2026-04,0.869,400,Damai Perdana ~ Hab Pasar Seni via Bukit Bintang
U4200,2026-04-17,2026-04,0.9835,420,Hentian Taman Dagang ~ Menara Maybank via Bukit Bintang
U4210,2026-04-17,2026-04,0.7058,421,Hentian Taman Dagang ~ Menara Maybank via Bukit Bintang
U4500,2026-04-17,2026-04,0.8265,450,Hentian Kajang ~ Hab Pasar Seni
U5410,2026-04-17,2026-04,0.668,541,Stesen MRT Taman Equine ~ Stesen LRT BK 5
U5800,2026-04-17,2026-04,0.9111,580,Desa Petaling ~ Pasar Seni via Stesen LRT Salak Selatan
U5810,2026-04-17,2026-04,0.4994,581,Desa Tasik ~ Stesen LRT Bandar Tasik Selatan
U5900,2026-04-17,2026-04,0.8529,590,Bandar Sungai Long ~ Hab Pasar Seni
U6000,2026-04-17,2026-04,0.6034,600,Puchong Utama ~ Hab Pasar Seni
U6400,2026-04-17,2026-04,0.858,640,Hab Bas Sri Manja ~ Hab Pasar Seni
U6418,2026-04-17,2026-04,0.7786,641,Stesen LRT Subang Jaya ~ Pearl Point
U6500,2026-04-17,2026-04,0.8131,650,Taman Desa ~ Hab Pasar Seni
U6510,2026-04-17,2026-04,0.7775,651,Stesen LRT Muhibbah ~Pearl Point
U6520,2026-04-17,2026-04,0.936,652,Stesen LRT Awan Besar ~Batu 3 Jalan Klang Lama
U7508,2026-04-17,2026-04,0.9243,750,Hab Sekysen 2 ~ Hab Pasar Seni
U7510,2026-04-17,2026-04,0.6344,751,Taman Sri Muda ~ Hab Pasar Seni
U7520,2026-04-17,2026-04,0.8324,752,Stesen LRT Putra Height ~ Hentian Bandar Shah Alam
U7548,2026-04-17,2026-04,0.6801,754,LRT Stadium Shah Alam ~ UITM Puncak Perdana
U7700,2026-04-17,2026-04,0.486,770,Subang Mewah USJ 1 ~ Hab Pasar Seni
U7718,2026-04-17,2026-04,0.9867,771,Subang Mewah USJ 1 ~ Desa Mentari via Persiaran Tujuan
U7720,2026-04-17,2026-04,0.7669,772,Subang Suria Mah Sing ~ Hab Pasar Seni
U7800,2026-04-17,2026-04,0.8059,780,Kota Damansara ~ Hab Pasar Seni
U7828,2026-04-17,2026-04,0.8273,782,Hentian PJ Old Town ~ Hab Pasar Seni
U7830,2026-04-17,2026-04,0,783,Stesen LRT Kelana Jaya ~ Subang Parade
U8210,2026-04-17,2026-04,0.8331,821,Pantai Hill Park ~ Hab Pasar Seni
U8220,2026-04-17,2026-04,0,822,Stesen LRT Bangsar ~ Bangsar Shopping Centre
S6060,2026-04-23,2026-04,0,PAVILION BUKIT JALIL (PAVBJ),Stesen LRT Awan Besar ~ Pavilion Bukit Jalil
T2000,2026-04-23,2026-04,0,T200,Stesen LRT Gombak ~ UIA Gombak
T2010,2026-04-23,2026-04,0.9268,T201,Stesen LRT Gombak ~ Hab Wira Damai
T2500,2026-04-23,2026-04,0.9464,T250,Stesen LRT Wangsa Maju ~ Setapak Sentral
T2510,2026-04-23,2026-04,0.7764,T251,Stesen LRT Sri Rampai ~ Seksyen 10 Wangsa Maju
T3008,2026-04-23,2026-04,0.5777,T300,Bukit Indah ~ Ampang Point via Jalan Rasmi
T3018,2026-04-23,2026-04,0.8311,T301,Taman Mulia Jaya ~ Ampang Point via Jalan Merdeka
T3028,2026-04-23,2026-04,0.8655,T302,Hutan Lipur Ampang ~ Ampang Point
T3048,2026-04-23,2026-04,0.592,T304,Bukit Indah ~ Ampang Point via Jalan Ampang
T3500,2026-04-23,2026-04,0.5429,T350,Stesen LRT Cempaka ~ Taman Mawar
T3510,2026-04-23,2026-04,0.5655,T351,Stesen LRT Cempaka ~ Taman Bukit Permai
T4068,2026-04-23,2026-04,1,T406,Cheras Batu 10 ~ Pangsun
T5718,2026-04-23,2026-04,0.7075,T571,Stesen KTM Serdang ~ Taman Sri Pulai
T5810,2026-04-23,2026-04,0,T581,Stesen LRT Alam Sutera ~ PPR Pinggiran Bukit Jalil
T6000,2026-04-23,2026-04,0.6235,T600,Stesen LRT IOI Puchong ~ Taman Wawasan
T6010,2026-04-23,2026-04,0.9125,T601,Puchong Utama ~ Puchong Prima
T6030,2026-04-23,2026-04,0.8256,T603,Stesen LRT Puchong Prima ~ Taman Mas Sepang
T6040,2026-04-23,2026-04,0.8665,T604,Stesen LRT Perindustrian Puchong ~ Taman Kinrara
T6400,2026-04-23,2026-04,0.7853,T640,Stesen LRT Taman Jaya ~ Taman Sri Sentosa
T7158,2026-04-23,2026-04,1,T715,UiTM Puncak Alam ~ Bandar Puncak Alam
T7548,2026-04-23,2026-04,0,T754,Hentian Bandar Shah Alam ~ Terminal Seksyen 17
T7568,2026-04-23,2026-04,0.9369,T756,Kemuning Business Park ~ Hentian Bandar via Taman Muda
T7800,2026-04-23,2026-04,0.7933,T780,Stesen LRT BU 11 ~ Stesen LRT Kelana Jaya
T7810,2026-04-23,2026-04,0.115,T781,Stesen LRT Kelana Jaya ~ Stesen LRT Subang
T7820,2026-04-23,2026-04,0.8316,T782,Stesen LRT Lembah Subang ~ Ara Damansara
T7860,2026-04-23,2026-04,0.4936,T786,Stesen LRT Asia Jaya ~ Stesen MRT Phileo Damansara
T7870,2026-04-23,2026-04,0.8522,T787,Stesen LRT Asia Jaya ~ Seksyen 14 & 18
T7890,2026-04-23,2026-04,0.8058,T789,Stesen LRT Universiti ~ Universiti Malaya via Pantai Hillpark
T7900,2026-04-23,2026-04,0.7004,T790,Stesen LRT Paramount ~ Mid Valley
T7910,2026-04-23,2026-04,0.9544,T791,Stesen LRT Kerinchi ~ Pantai Hill Park
U1510,2026-04-23,2026-04,0.6029,151,Bandar Baru Selayang ~ Hab Pasar Seni
U1710,2026-04-23,2026-04,0.7889,171,Hab Wira Damai ~ Lebuh Ampang via Sentul
U1730,2026-04-23,2026-04,0.7335,173,Taman Jasa Utama ~ Lebuh Ampang
U1800,2026-04-23,2026-04,0.7572,180,Taman Dato' Senu ~ Hab Pasar Seni
U1900,2026-04-23,2026-04,0.5905,190,Desa Sri Hartamas ~ Lin Ho Jln Lekiu
U2000,2026-04-23,2026-04,0,200,UIA Gombak ~ SOGO KL
U2018,2026-04-23,2026-04,0.8485,201,Batu 12 Gombak – SOGO KL
U2020,2026-04-23,2026-04,0.7318,202,Hub Wira Damai ~ Lebuh Ampang via Gombak
U2200,2026-04-23,2026-04,0.3889,220,Taman Melawati ~ Lebuh Ampang
U2220,2026-04-23,2026-04,0.7097,222,Taman Melawati ~ Stesen LRT Wangsa Maju
U2500,2026-04-23,2026-04,0.8238,250,Stesen LRT Wangsa Maju ~ Lebuh Ampang
U2510,2026-04-23,2026-04,0.7733,251,AU3 Jentayu ~ Chow Kit
U2538,2026-04-23,2026-04,0.421,253,Stesen LRT Wangsa Maju ~ Ampang Point
U3000,2026-04-23,2026-04,1,300,Terminal Maluri ~ Lebuh Ampang
U3020,2026-04-23,2026-04,0.795,302,Titiwangsa ~ KLCC
U3030,2026-04-23,2026-04,0.8956,303,Taman Mulia Jaya ~ Lebuh Ampang
U4000,2026-04-23,2026-04,0.6518,400,Damai Perdana ~ Hab Pasar Seni via Bukit Bintang
U4200,2026-04-23,2026-04,0.8785,420,Hentian Taman Dagang ~ Menara Maybank via Bukit Bintang
U4210,2026-04-23,2026-04,0,421,Hentian Taman Dagang ~ Menara Maybank via Bukit Bintang
U4500,2026-04-23,2026-04,0.8533,450,Hentian Kajang ~ Hab Pasar Seni
U5410,2026-04-23,2026-04,0,541,Stesen MRT Taman Equine ~ Stesen LRT BK 5
U5810,2026-04-23,2026-04,0.5048,581,Desa Tasik ~ Stesen LRT Bandar Tasik Selatan
U5900,2026-04-23,2026-04,1,590,Bandar Sungai Long ~ Hab Pasar Seni
U6000,2026-04-23,2026-04,0.6287,600,Puchong Utama ~ Hab Pasar Seni
U6400,2026-04-23,2026-04,0.8611,640,Hab Bas Sri Manja ~ Hab Pasar Seni
U6418,2026-04-23,2026-04,0.7493,641,Stesen LRT Subang Jaya ~ Pearl Point
U6500,2026-04-23,2026-04,0.8385,650,Taman Desa ~ Hab Pasar Seni
U6510,2026-04-23,2026-04,0,651,Stesen LRT Muhibbah ~Pearl Point
U7508,2026-04-23,2026-04,0.8587,750,Hab Sekysen 2 ~ Hab Pasar Seni
U7510,2026-04-23,2026-04,0.8601,751,Taman Sri Muda ~ Hab Pasar Seni
U7520,2026-04-23,2026-04,0.8756,752,Stesen LRT Putra Height ~ Hentian Bandar Shah Alam
U7538,2026-04-23,2026-04,0.8663,753,Hentian Bandar Shah Alam ~ UiTM Puncak Alam
U7548,2026-04-23,2026-04,0.7015,754,LRT Stadium Shah Alam ~ UITM Puncak Perdana
U7700,2026-04-23,2026-04,0.5982,770,Subang Mewah USJ 1 ~ Hab Pasar Seni
U7718,2026-04-23,2026-04,0.8756,771,Subang Mewah USJ 1 ~ Desa Mentari via Persiaran Tujuan
U7720,2026-04-23,2026-04,0.8153,772,Subang Suria Mah Sing ~ Hab Pasar Seni
U7800,2026-04-23,2026-04,0.8817,780,Kota Damansara ~ Hab Pasar Seni
U7828,2026-04-23,2026-04,0.7298,782,Hentian PJ Old Town ~ Hab Pasar Seni
U7830,2026-04-23,2026-04,0.7549,783,Stesen LRT Kelana Jaya ~ Subang Parade
U8210,2026-04-23,2026-04,0,821,Pantai Hill Park ~ Hab Pasar Seni
U8220,2026-04-23,2026-04,0,822,Stesen LRT Bangsar ~ Bangsar Shopping Centre
S6060,2026-04-24,2026-04,0,PAVILION BUKIT JALIL (PAVBJ),Stesen LRT Awan Besar ~ Pavilion Bukit Jalil
T2000,2026-04-24,2026-04,0.6067,T200,Stesen LRT Gombak ~ UIA Gombak
T2010,2026-04-24,2026-04,0.945,T201,Stesen LRT Gombak ~ Hab Wira Damai
T2230,2026-04-24,2026-04,0.8864,T223,"Stesen LRT Setiawangsa ~ AU3, Jentayu, Keramat"
T2500,2026-04-24,2026-04,0.888,T250,Stesen LRT Wangsa Maju ~ Setapak Sentral
T2510,2026-04-24,2026-04,0.5903,T251,Stesen LRT Sri Rampai ~ Seksyen 10 Wangsa Maju
T3008,2026-04-24,2026-04,0.6819,T300,Bukit Indah ~ Ampang Point via Jalan Rasmi
T3018,2026-04-24,2026-04,0.9503,T301,Taman Mulia Jaya ~ Ampang Point via Jalan Merdeka
T3028,2026-04-24,2026-04,0.8491,T302,Hutan Lipur Ampang ~ Ampang Point
T3048,2026-04-24,2026-04,0.5268,T304,Bukit Indah ~ Ampang Point via Jalan Ampang
T4068,2026-04-24,2026-04,0.8936,T406,Cheras Batu 10 ~ Pangsun
T5718,2026-04-24,2026-04,0.3944,T571,Stesen KTM Serdang ~ Taman Sri Pulai
T5810,2026-04-24,2026-04,0.8166,T581,Stesen LRT Alam Sutera ~ PPR Pinggiran Bukit Jalil
T6000,2026-04-24,2026-04,0.5932,T600,Stesen LRT IOI Puchong ~ Taman Wawasan
T6010,2026-04-24,2026-04,0.9579,T601,Puchong Utama ~ Puchong Prima
T6030,2026-04-24,2026-04,0.87,T603,Stesen LRT Puchong Prima ~ Taman Mas Sepang
T6040,2026-04-24,2026-04,0.9116,T604,Stesen LRT Perindustrian Puchong ~ Taman Kinrara
T6050,2026-04-24,2026-04,0.9881,T605,Stesen LRT Bandar Puteri ~ Taman Wawasan
T6400,2026-04-24,2026-04,0.7981,T640,Stesen LRT Taman Jaya ~ Taman Sri Sentosa
T7158,2026-04-24,2026-04,0.7289,T715,UiTM Puncak Alam ~ Bandar Puncak Alam
T7548,2026-04-24,2026-04,0.9337,T754,Hentian Bandar Shah Alam ~ Terminal Seksyen 17
T7568,2026-04-24,2026-04,0.8831,T756,Kemuning Business Park ~ Hentian Bandar via Taman Muda
T7740,2026-04-24,2026-04,0,T774,"Stesen LRT Glenmarie ~ MSU, Stadium Shah Alam"
T7760,2026-04-24,2026-04,1,T776,Stesen LRT USJ 7 ~ Subang Mewah
T7800,2026-04-24,2026-04,0.6267,T780,Stesen LRT BU 11 ~ Stesen LRT Kelana Jaya
T7810,2026-04-24,2026-04,0.5776,T781,Stesen LRT Kelana Jaya ~ Stesen LRT Subang
T7820,2026-04-24,2026-04,1,T782,Stesen LRT Lembah Subang ~ Ara Damansara
T7860,2026-04-24,2026-04,1,T786,Stesen LRT Asia Jaya ~ Stesen MRT Phileo Damansara
T7870,2026-04-24,2026-04,0.8606,T787,Stesen LRT Asia Jaya ~ Seksyen 14 & 18
T7890,2026-04-24,2026-04,0.9778,T789,Stesen LRT Universiti ~ Universiti Malaya via Pantai Hillpark
U1510,2026-04-24,2026-04,0.6194,151,Bandar Baru Selayang ~ Hab Pasar Seni
U1710,2026-04-24,2026-04,0.7278,171,Hab Wira Damai ~ Lebuh Ampang via Sentul
U1730,2026-04-24,2026-04,0.8716,173,Taman Jasa Utama ~ Lebuh Ampang
U1800,2026-04-24,2026-04,0.7334,180,Taman Dato' Senu ~ Hab Pasar Seni
U1900,2026-04-24,2026-04,0.8276,190,Desa Sri Hartamas ~ Lin Ho Jln Lekiu
U2000,2026-04-24,2026-04,0.6663,200,UIA Gombak ~ SOGO KL
U2018,2026-04-24,2026-04,0.92,201,Batu 12 Gombak – SOGO KL
U2020,2026-04-24,2026-04,0.8302,202,Hub Wira Damai ~ Lebuh Ampang via Gombak
U2200,2026-04-24,2026-04,0.6685,220,Taman Melawati ~ Lebuh Ampang
U2220,2026-04-24,2026-04,0.7858,222,Taman Melawati ~ Stesen LRT Wangsa Maju
U2500,2026-04-24,2026-04,0.8849,250,Stesen LRT Wangsa Maju ~ Lebuh Ampang
U2510,2026-04-24,2026-04,0.9002,251,AU3 Jentayu ~ Chow Kit
U2538,2026-04-24,2026-04,0.6862,253,Stesen LRT Wangsa Maju ~ Ampang Point
U2548,2026-04-24,2026-04,0.6051,254,Ayer Panas ~ Titiwangsa via Chowkit
U3000,2026-04-24,2026-04,0.7728,300,Terminal Maluri ~ Lebuh Ampang
U3020,2026-04-24,2026-04,0.8615,302,Titiwangsa ~ KLCC
U3030,2026-04-24,2026-04,0.9818,303,Taman Mulia Jaya ~ Lebuh Ampang
U4000,2026-04-24,2026-04,0.0097,400,Damai Perdana ~ Hab Pasar Seni via Bukit Bintang
U4200,2026-04-24,2026-04,0.3997,420,Hentian Taman Dagang ~ Menara Maybank via Bukit Bintang
U4210,2026-04-24,2026-04,0.7994,421,Hentian Taman Dagang ~ Menara Maybank via Bukit Bintang
U4500,2026-04-24,2026-04,0.8542,450,Hentian Kajang ~ Hab Pasar Seni
U5800,2026-04-24,2026-04,0.6213,580,Desa Petaling ~ Pasar Seni via Stesen LRT Salak Selatan
U5810,2026-04-24,2026-04,0.4868,581,Desa Tasik ~ Stesen LRT Bandar Tasik Selatan
U5900,2026-04-24,2026-04,0.407,590,Bandar Sungai Long ~ Hab Pasar Seni
U6000,2026-04-24,2026-04,0.6004,600,Puchong Utama ~ Hab Pasar Seni
U6400,2026-04-24,2026-04,0.8724,640,Hab Bas Sri Manja ~ Hab Pasar Seni
U6418,2026-04-24,2026-04,0.6844,641,Stesen LRT Subang Jaya ~ Pearl Point
U6500,2026-04-24,2026-04,0.8793,650,Taman Desa ~ Hab Pasar Seni
U6510,2026-04-24,2026-04,0.5611,651,Stesen LRT Muhibbah ~Pearl Point
U6520,2026-04-24,2026-04,0,652,Stesen LRT Awan Besar ~Batu 3 Jalan Klang Lama
U7508,2026-04-24,2026-04,0.8766,750,Hab Sekysen 2 ~ Hab Pasar Seni
U7510,2026-04-24,2026-04,0.6124,751,Taman Sri Muda ~ Hab Pasar Seni
U7520,2026-04-24,2026-04,0.8368,752,Stesen LRT Putra Height ~ Hentian Bandar Shah Alam
U7538,2026-04-24,2026-04,0.9403,753,Hentian Bandar Shah Alam ~ UiTM Puncak Alam
U7548,2026-04-24,2026-04,0.74,754,LRT Stadium Shah Alam ~ UITM Puncak Perdana
U7700,2026-04-24,2026-04,0.6509,770,Subang Mewah USJ 1 ~ Hab Pasar Seni
U7718,2026-04-24,2026-04,0,771,Subang Mewah USJ 1 ~ Desa Mentari via Persiaran Tujuan
U7720,2026-04-24,2026-04,0.7288,772,Subang Suria Mah Sing ~ Hab Pasar Seni
U7800,2026-04-24,2026-04,0.9288,780,Kota Damansara ~ Hab Pasar Seni
U7828,2026-04-24,2026-04,0.7548,782,Hentian PJ Old Town ~ Hab Pasar Seni
U7830,2026-04-24,2026-04,0.6963,783,Stesen LRT Kelana Jaya ~ Subang Parade
U8210,2026-04-24,2026-04,0.7347,821,Pantai Hill Park ~ Hab Pasar Seni
U8220,2026-04-24,2026-04,0.8638,822,Stesen LRT Bangsar ~ Bangsar Shopping Centre
S6060,2026-04-27,2026-04,0,PAVILION BUKIT JALIL (PAVBJ),Stesen LRT Awan Besar ~ Pavilion Bukit Jalil
T2000,2026-04-27,2026-04,0.699,T200,Stesen LRT Gombak ~ UIA Gombak
T2010,2026-04-27,2026-04,0.8958,T201,Stesen LRT Gombak ~ Hab Wira Damai
T2230,2026-04-27,2026-04,0.8926,T223,"Stesen LRT Setiawangsa ~ AU3, Jentayu, Keramat"
T2500,2026-04-27,2026-04,0.6741,T250,Stesen LRT Wangsa Maju ~ Setapak Sentral
T2510,2026-04-27,2026-04,0.7438,T251,Stesen LRT Sri Rampai ~ Seksyen 10 Wangsa Maju
T3008,2026-04-27,2026-04,0,T300,Bukit Indah ~ Ampang Point via Jalan Rasmi
T3018,2026-04-27,2026-04,0.9577,T301,Taman Mulia Jaya ~ Ampang Point via Jalan Merdeka
T3028,2026-04-27,2026-04,0.8736,T302,Hutan Lipur Ampang ~ Ampang Point
T3048,2026-04-27,2026-04,0.2294,T304,Bukit Indah ~ Ampang Point via Jalan Ampang
T3500,2026-04-27,2026-04,0.64,T350,Stesen LRT Cempaka ~ Taman Mawar
T3510,2026-04-27,2026-04,0.792,T351,Stesen LRT Cempaka ~ Taman Bukit Permai
T4068,2026-04-27,2026-04,0.8163,T406,Cheras Batu 10 ~ Pangsun
T5718,2026-04-27,2026-04,0.6507,T571,Stesen KTM Serdang ~ Taman Sri Pulai
T5810,2026-04-27,2026-04,0.8093,T581,Stesen LRT Alam Sutera ~ PPR Pinggiran Bukit Jalil
T6000,2026-04-27,2026-04,0.6727,T600,Stesen LRT IOI Puchong ~ Taman Wawasan
T6010,2026-04-27,2026-04,0.9643,T601,Puchong Utama ~ Puchong Prima
T6030,2026-04-27,2026-04,0.8542,T603,Stesen LRT Puchong Prima ~ Taman Mas Sepang
T6040,2026-04-27,2026-04,0.8873,T604,Stesen LRT Perindustrian Puchong ~ Taman Kinrara
T6050,2026-04-27,2026-04,1,T605,Stesen LRT Bandar Puteri ~ Taman Wawasan
T6400,2026-04-27,2026-04,0.7889,T640,Stesen LRT Taman Jaya ~ Taman Sri Sentosa
T7158,2026-04-27,2026-04,0.7781,T715,UiTM Puncak Alam ~ Bandar Puncak Alam
T7548,2026-04-27,2026-04,0,T754,Hentian Bandar Shah Alam ~ Terminal Seksyen 17
T7568,2026-04-27,2026-04,0.8275,T756,Kemuning Business Park ~ Hentian Bandar via Taman Muda
T7740,2026-04-27,2026-04,0.7277,T774,"Stesen LRT Glenmarie ~ MSU, Stadium Shah Alam"
T7800,2026-04-27,2026-04,0.8157,T780,Stesen LRT BU 11 ~ Stesen LRT Kelana Jaya
T7810,2026-04-27,2026-04,0.4007,T781,Stesen LRT Kelana Jaya ~ Stesen LRT Subang
T7820,2026-04-27,2026-04,0.9953,T782,Stesen LRT Lembah Subang ~ Ara Damansara
T7860,2026-04-27,2026-04,0.3697,T786,Stesen LRT Asia Jaya ~ Stesen MRT Phileo Damansara
T7870,2026-04-27,2026-04,0.9327,T787,Stesen LRT Asia Jaya ~ Seksyen 14 & 18
T7890,2026-04-27,2026-04,1,T789,Stesen LRT Universiti ~ Universiti Malaya via Pantai Hillpark
U1510,2026-04-27,2026-04,0.5685,151,Bandar Baru Selayang ~ Hab Pasar Seni
U1710,2026-04-27,2026-04,0.6827,171,Hab Wira Damai ~ Lebuh Ampang via Sentul
U1730,2026-04-27,2026-04,0.8106,173,Taman Jasa Utama ~ Lebuh Ampang
U1800,2026-04-27,2026-04,0.8363,180,Taman Dato' Senu ~ Hab Pasar Seni
U1900,2026-04-27,2026-04,0.2872,190,Desa Sri Hartamas ~ Lin Ho Jln Lekiu
U2000,2026-04-27,2026-04,0,200,UIA Gombak ~ SOGO KL
U2018,2026-04-27,2026-04,0.9453,201,Batu 12 Gombak – SOGO KL
U2020,2026-04-27,2026-04,0.716,202,Hub Wira Damai ~ Lebuh Ampang via Gombak
U2200,2026-04-27,2026-04,0.1611,220,Taman Melawati ~ Lebuh Ampang
U2220,2026-04-27,2026-04,0,222,Taman Melawati ~ Stesen LRT Wangsa Maju
U2500,2026-04-27,2026-04,0.9324,250,Stesen LRT Wangsa Maju ~ Lebuh Ampang
U2510,2026-04-27,2026-04,0.7613,251,AU3 Jentayu ~ Chow Kit
U2538,2026-04-27,2026-04,0.4358,253,Stesen LRT Wangsa Maju ~ Ampang Point
U2548,2026-04-27,2026-04,0.6355,254,Ayer Panas ~ Titiwangsa via Chowkit
U3000,2026-04-27,2026-04,1,300,Terminal Maluri ~ Lebuh Ampang
U3020,2026-04-27,2026-04,0.8986,302,Titiwangsa ~ KLCC
U3030,2026-04-27,2026-04,0.9624,303,Taman Mulia Jaya ~ Lebuh Ampang
U4000,2026-04-27,2026-04,0.7169,400,Damai Perdana ~ Hab Pasar Seni via Bukit Bintang
U4200,2026-04-27,2026-04,0.8258,420,Hentian Taman Dagang ~ Menara Maybank via Bukit Bintang
U4210,2026-04-27,2026-04,0.7623,421,Hentian Taman Dagang ~ Menara Maybank via Bukit Bintang
U4500,2026-04-27,2026-04,0.8068,450,Hentian Kajang ~ Hab Pasar Seni
U5800,2026-04-27,2026-04,0.8292,580,Desa Petaling ~ Pasar Seni via Stesen LRT Salak Selatan
U5810,2026-04-27,2026-04,0.5322,581,Desa Tasik ~ Stesen LRT Bandar Tasik Selatan
U5900,2026-04-27,2026-04,0.7945,590,Bandar Sungai Long ~ Hab Pasar Seni
U6000,2026-04-27,2026-04,0.5845,600,Puchong Utama ~ Hab Pasar Seni
U6400,2026-04-27,2026-04,0.8461,640,Hab Bas Sri Manja ~ Hab Pasar Seni
U6418,2026-04-27,2026-04,0.7384,641,Stesen LRT Subang Jaya ~ Pearl Point
U6500,2026-04-27,2026-04,0.8461,650,Taman Desa ~ Hab Pasar Seni
U6510,2026-04-27,2026-04,0,651,Stesen LRT Muhibbah ~Pearl Point
U6520,2026-04-27,2026-04,0.7826,652,Stesen LRT Awan Besar ~Batu 3 Jalan Klang Lama
U7508,2026-04-27,2026-04,0.9226,750,Hab Sekysen 2 ~ Hab Pasar Seni
U7510,2026-04-27,2026-04,0.8306,751,Taman Sri Muda ~ Hab Pasar Seni
U7520,2026-04-27,2026-04,0.7052,752,Stesen LRT Putra Height ~ Hentian Bandar Shah Alam
U7538,2026-04-27,2026-04,0,753,Hentian Bandar Shah Alam ~ UiTM Puncak Alam
U7548,2026-04-27,2026-04,0.714,754,LRT Stadium Shah Alam ~ UITM Puncak Perdana
U7700,2026-04-27,2026-04,0.5512,770,Subang Mewah USJ 1 ~ Hab Pasar Seni
U7718,2026-04-27,2026-04,0.4433,771,Subang Mewah USJ 1 ~ Desa Mentari via Persiaran Tujuan
U7720,2026-04-27,2026-04,0.7662,772,Subang Suria Mah Sing ~ Hab Pasar Seni
U7800,2026-04-27,2026-04,0.9376,780,Kota Damansara ~ Hab Pasar Seni
U7828,2026-04-27,2026-04,0.8945,782,Hentian PJ Old Town ~ Hab Pasar Seni
U7830,2026-04-27,2026-04,0.734,783,Stesen LRT Kelana Jaya ~ Subang Parade
U8210,2026-04-27,2026-04,0.4927,821,Pantai Hill Park ~ Hab Pasar Seni
U8220,2026-04-27,2026-04,0,822,Stesen LRT Bangsar ~ Bangsar Shopping Centre
S6060,2026-04-28,2026-04,0,PAVILION BUKIT JALIL (PAVBJ),Stesen LRT Awan Besar ~ Pavilion Bukit Jalil
T2000,2026-04-28,2026-04,0.2335,T200,Stesen LRT Gombak ~ UIA Gombak
T2010,2026-04-28,2026-04,0.9135,T201,Stesen LRT Gombak ~ Hab Wira Damai
T2230,2026-04-28,2026-04,0.948,T223,"Stesen LRT Setiawangsa ~ AU3, Jentayu, Keramat"
T2500,2026-04-28,2026-04,1,T250,Stesen LRT Wangsa Maju ~ Setapak Sentral
T2510,2026-04-28,2026-04,0,T251,Stesen LRT Sri Rampai ~ Seksyen 10 Wangsa Maju
T3008,2026-04-28,2026-04,0.8484,T300,Bukit Indah ~ Ampang Point via Jalan Rasmi
T3018,2026-04-28,2026-04,0.9307,T301,Taman Mulia Jaya ~ Ampang Point via Jalan Merdeka
T3028,2026-04-28,2026-04,0.8682,T302,Hutan Lipur Ampang ~ Ampang Point
T3048,2026-04-28,2026-04,0.6405,T304,Bukit Indah ~ Ampang Point via Jalan Ampang
T3500,2026-04-28,2026-04,0.6604,T350,Stesen LRT Cempaka ~ Taman Mawar
T3510,2026-04-28,2026-04,0.928,T351,Stesen LRT Cempaka ~ Taman Bukit Permai
T4068,2026-04-28,2026-04,0,T406,Cheras Batu 10 ~ Pangsun
T5718,2026-04-28,2026-04,0.7643,T571,Stesen KTM Serdang ~ Taman Sri Pulai
T5810,2026-04-28,2026-04,0.8358,T581,Stesen LRT Alam Sutera ~ PPR Pinggiran Bukit Jalil
T6000,2026-04-28,2026-04,0.6395,T600,Stesen LRT IOI Puchong ~ Taman Wawasan
T6010,2026-04-28,2026-04,0.9762,T601,Puchong Utama ~ Puchong Prima
T6030,2026-04-28,2026-04,0.8197,T603,Stesen LRT Puchong Prima ~ Taman Mas Sepang
T6040,2026-04-28,2026-04,0.8601,T604,Stesen LRT Perindustrian Puchong ~ Taman Kinrara
T6400,2026-04-28,2026-04,0.8544,T640,Stesen LRT Taman Jaya ~ Taman Sri Sentosa
T7158,2026-04-28,2026-04,0.6108,T715,UiTM Puncak Alam ~ Bandar Puncak Alam
T7568,2026-04-28,2026-04,0.9634,T756,Kemuning Business Park ~ Hentian Bandar via Taman Muda
T7740,2026-04-28,2026-04,0,T774,"Stesen LRT Glenmarie ~ MSU, Stadium Shah Alam"
T7800,2026-04-28,2026-04,0.8241,T780,Stesen LRT BU 11 ~ Stesen LRT Kelana Jaya
T7810,2026-04-28,2026-04,0.5465,T781,Stesen LRT Kelana Jaya ~ Stesen LRT Subang
T7820,2026-04-28,2026-04,0.7598,T782,Stesen LRT Lembah Subang ~ Ara Damansara
T7860,2026-04-28,2026-04,0,T786,Stesen LRT Asia Jaya ~ Stesen MRT Phileo Damansara
T7870,2026-04-28,2026-04,0.9314,T787,Stesen LRT Asia Jaya ~ Seksyen 14 & 18
T7890,2026-04-28,2026-04,1,T789,Stesen LRT Universiti ~ Universiti Malaya via Pantai Hillpark
T7900,2026-04-28,2026-04,0,T790,Stesen LRT Paramount ~ Mid Valley
U1510,2026-04-28,2026-04,0.6589,151,Bandar Baru Selayang ~ Hab Pasar Seni
U1710,2026-04-28,2026-04,0.8518,171,Hab Wira Damai ~ Lebuh Ampang via Sentul
U1730,2026-04-28,2026-04,0.8585,173,Taman Jasa Utama ~ Lebuh Ampang
U1800,2026-04-28,2026-04,0.7898,180,Taman Dato' Senu ~ Hab Pasar Seni
U1900,2026-04-28,2026-04,0.9056,190,Desa Sri Hartamas ~ Lin Ho Jln Lekiu
U2000,2026-04-28,2026-04,0.7977,200,UIA Gombak ~ SOGO KL
U2018,2026-04-28,2026-04,0.9455,201,Batu 12 Gombak – SOGO KL
U2020,2026-04-28,2026-04,0.7191,202,Hub Wira Damai ~ Lebuh Ampang via Gombak
U2200,2026-04-28,2026-04,0.6126,220,Taman Melawati ~ Lebuh Ampang
U2220,2026-04-28,2026-04,0.659,222,Taman Melawati ~ Stesen LRT Wangsa Maju
U2500,2026-04-28,2026-04,0.9311,250,Stesen LRT Wangsa Maju ~ Lebuh Ampang
U2510,2026-04-28,2026-04,0.8423,251,AU3 Jentayu ~ Chow Kit
U2538,2026-04-28,2026-04,0.4925,253,Stesen LRT Wangsa Maju ~ Ampang Point
U2548,2026-04-28,2026-04,0.6293,254,Ayer Panas ~ Titiwangsa via Chowkit
U3000,2026-04-28,2026-04,1,300,Terminal Maluri ~ Lebuh Ampang
U3020,2026-04-28,2026-04,0.9655,302,Titiwangsa ~ KLCC
U3030,2026-04-28,2026-04,1,303,Taman Mulia Jaya ~ Lebuh Ampang
U4000,2026-04-28,2026-04,0,400,Damai Perdana ~ Hab Pasar Seni via Bukit Bintang
U4200,2026-04-28,2026-04,0.8338,420,Hentian Taman Dagang ~ Menara Maybank via Bukit Bintang
U4210,2026-04-28,2026-04,0.8465,421,Hentian Taman Dagang ~ Menara Maybank via Bukit Bintang
U4500,2026-04-28,2026-04,0.8567,450,Hentian Kajang ~ Hab Pasar Seni
U5800,2026-04-28,2026-04,0.2571,580,Desa Petaling ~ Pasar Seni via Stesen LRT Salak Selatan
U5810,2026-04-28,2026-04,0.5088,581,Desa Tasik ~ Stesen LRT Bandar Tasik Selatan
U5900,2026-04-28,2026-04,0.8978,590,Bandar Sungai Long ~ Hab Pasar Seni
U6000,2026-04-28,2026-04,0.6214,600,Puchong Utama ~ Hab Pasar Seni
U6400,2026-04-28,2026-04,0.8656,640,Hab Bas Sri Manja ~ Hab Pasar Seni
U6418,2026-04-28,2026-04,0.6578,641,Stesen LRT Subang Jaya ~ Pearl Point
U6500,2026-04-28,2026-04,0.7505,650,Taman Desa ~ Hab Pasar Seni
U6510,2026-04-28,2026-04,0.6484,651,Stesen LRT Muhibbah ~Pearl Point
U6520,2026-04-28,2026-04,0.7945,652,Stesen LRT Awan Besar ~Batu 3 Jalan Klang Lama
U7508,2026-04-28,2026-04,0.8703,750,Hab Sekysen 2 ~ Hab Pasar Seni
U7510,2026-04-28,2026-04,0.6876,751,Taman Sri Muda ~ Hab Pasar Seni
U7520,2026-04-28,2026-04,0.8233,752,Stesen LRT Putra Height ~ Hentian Bandar Shah Alam
U7538,2026-04-28,2026-04,0.9511,753,Hentian Bandar Shah Alam ~ UiTM Puncak Alam
U7548,2026-04-28,2026-04,0.7035,754,LRT Stadium Shah Alam ~ UITM Puncak Perdana
U7700,2026-04-28,2026-04,0.6059,770,Subang Mewah USJ 1 ~ Hab Pasar Seni
U7718,2026-04-28,2026-04,0.8374,771,Subang Mewah USJ 1 ~ Desa Mentari via Persiaran Tujuan
U7720,2026-04-28,2026-04,0.8136,772,Subang Suria Mah Sing ~ Hab Pasar Seni
U7800,2026-04-28,2026-04,0.8126,780,Kota Damansara ~ Hab Pasar Seni
U7828,2026-04-28,2026-04,0.8579,782,Hentian PJ Old Town ~ Hab Pasar Seni
U7830,2026-04-28,2026-04,0.6189,783,Stesen LRT Kelana Jaya ~ Subang Parade
U8210,2026-04-28,2026-04,0.8104,821,Pantai Hill Park ~ Hab Pasar Seni
U8220,2026-04-28,2026-04,0,822,Stesen LRT Bangsar ~ Bangsar Shopping Centre
P1010,2026-04-29,2026-04,0.9375,P101,Kompleks F ~ Presint 5
S6060,2026-04-29,2026-04,0,PAVILION BUKIT JALIL (PAVBJ),Stesen LRT Awan Besar ~ Pavilion Bukit Jalil
T2000,2026-04-29,2026-04,0.6197,T200,Stesen LRT Gombak ~ UIA Gombak
T2010,2026-04-29,2026-04,0.7937,T201,Stesen LRT Gombak ~ Hab Wira Damai
T2500,2026-04-29,2026-04,0.9166,T250,Stesen LRT Wangsa Maju ~ Setapak Sentral
T2510,2026-04-29,2026-04,0.7948,T251,Stesen LRT Sri Rampai ~ Seksyen 10 Wangsa Maju
T3008,2026-04-29,2026-04,0.8099,T300,Bukit Indah ~ Ampang Point via Jalan Rasmi
T3018,2026-04-29,2026-04,0.8889,T301,Taman Mulia Jaya ~ Ampang Point via Jalan Merdeka
T3028,2026-04-29,2026-04,0.8207,T302,Hutan Lipur Ampang ~ Ampang Point
T3048,2026-04-29,2026-04,0.3937,T304,Bukit Indah ~ Ampang Point via Jalan Ampang
T3500,2026-04-29,2026-04,0.6048,T350,Stesen LRT Cempaka ~ Taman Mawar
T3510,2026-04-29,2026-04,0.9069,T351,Stesen LRT Cempaka ~ Taman Bukit Permai
T4068,2026-04-29,2026-04,0.8122,T406,Cheras Batu 10 ~ Pangsun
T5718,2026-04-29,2026-04,0.8141,T571,Stesen KTM Serdang ~ Taman Sri Pulai
T5810,2026-04-29,2026-04,0.8615,T581,Stesen LRT Alam Sutera ~ PPR Pinggiran Bukit Jalil
T6000,2026-04-29,2026-04,0.6655,T600,Stesen LRT IOI Puchong ~ Taman Wawasan
T6010,2026-04-29,2026-04,0.9632,T601,Puchong Utama ~ Puchong Prima
T6030,2026-04-29,2026-04,0.8384,T603,Stesen LRT Puchong Prima ~ Taman Mas Sepang
T6040,2026-04-29,2026-04,0.9292,T604,Stesen LRT Perindustrian Puchong ~ Taman Kinrara
T6050,2026-04-29,2026-04,1,T605,Stesen LRT Bandar Puteri ~ Taman Wawasan
T6400,2026-04-29,2026-04,0.7147,T640,Stesen LRT Taman Jaya ~ Taman Sri Sentosa
T7158,2026-04-29,2026-04,0.7695,T715,UiTM Puncak Alam ~ Bandar Puncak Alam
T7568,2026-04-29,2026-04,0.7004,T756,Kemuning Business Park ~ Hentian Bandar via Taman Muda
T7740,2026-04-29,2026-04,0.9074,T774,"Stesen LRT Glenmarie ~ MSU, Stadium Shah Alam"
T7800,2026-04-29,2026-04,0.7683,T780,Stesen LRT BU 11 ~ Stesen LRT Kelana Jaya
T7810,2026-04-29,2026-04,0.4651,T781,Stesen LRT Kelana Jaya ~ Stesen LRT Subang
T7820,2026-04-29,2026-04,1,T782,Stesen LRT Lembah Subang ~ Ara Damansara
T7860,2026-04-29,2026-04,0.6944,T786,Stesen LRT Asia Jaya ~ Stesen MRT Phileo Damansara
T7870,2026-04-29,2026-04,0.9698,T787,Stesen LRT Asia Jaya ~ Seksyen 14 & 18
T7880,2026-04-29,2026-04,0,T788,Stesen LRT Universiti ~ Mid Valley
T7890,2026-04-29,2026-04,0.9337,T789,Stesen LRT Universiti ~ Universiti Malaya via Pantai Hillpark
U1510,2026-04-29,2026-04,0.647,151,Bandar Baru Selayang ~ Hab Pasar Seni
U1710,2026-04-29,2026-04,0.8415,171,Hab Wira Damai ~ Lebuh Ampang via Sentul
U1730,2026-04-29,2026-04,0.9573,173,Taman Jasa Utama ~ Lebuh Ampang
U1800,2026-04-29,2026-04,0.8034,180,Taman Dato' Senu ~ Hab Pasar Seni
U1900,2026-04-29,2026-04,0.8592,190,Desa Sri Hartamas ~ Lin Ho Jln Lekiu
U2000,2026-04-29,2026-04,0.209,200,UIA Gombak ~ SOGO KL
U2018,2026-04-29,2026-04,0.9192,201,Batu 12 Gombak – SOGO KL
U2020,2026-04-29,2026-04,0.7317,202,Hub Wira Damai ~ Lebuh Ampang via Gombak
U2200,2026-04-29,2026-04,0.7101,220,Taman Melawati ~ Lebuh Ampang
U2220,2026-04-29,2026-04,0.8959,222,Taman Melawati ~ Stesen LRT Wangsa Maju
U2500,2026-04-29,2026-04,0.7864,250,Stesen LRT Wangsa Maju ~ Lebuh Ampang
U2510,2026-04-29,2026-04,0.9243,251,AU3 Jentayu ~ Chow Kit
U2538,2026-04-29,2026-04,0.5574,253,Stesen LRT Wangsa Maju ~ Ampang Point
U2548,2026-04-29,2026-04,0.847,254,Ayer Panas ~ Titiwangsa via Chowkit
U3020,2026-04-29,2026-04,0.8686,302,Titiwangsa ~ KLCC
U3030,2026-04-29,2026-04,0.4028,303,Taman Mulia Jaya ~ Lebuh Ampang
U4000,2026-04-29,2026-04,0.8784,400,Damai Perdana ~ Hab Pasar Seni via Bukit Bintang
U4200,2026-04-29,2026-04,0.6099,420,Hentian Taman Dagang ~ Menara Maybank via Bukit Bintang
U4210,2026-04-29,2026-04,0.7034,421,Hentian Taman Dagang ~ Menara Maybank via Bukit Bintang
U4500,2026-04-29,2026-04,0.8248,450,Hentian Kajang ~ Hab Pasar Seni
U5800,2026-04-29,2026-04,0.512,580,Desa Petaling ~ Pasar Seni via Stesen LRT Salak Selatan
U5810,2026-04-29,2026-04,0.5624,581,Desa Tasik ~ Stesen LRT Bandar Tasik Selatan
U5900,2026-04-29,2026-04,0.9576,590,Bandar Sungai Long ~ Hab Pasar Seni
U6000,2026-04-29,2026-04,0.6143,600,Puchong Utama ~ Hab Pasar Seni
U6400,2026-04-29,2026-04,0.85,640,Hab Bas Sri Manja ~ Hab Pasar Seni
U6418,2026-04-29,2026-04,0.7858,641,Stesen LRT Subang Jaya ~ Pearl Point
U6500,2026-04-29,2026-04,0.8053,650,Taman Desa ~ Hab Pasar Seni
U6510,2026-04-29,2026-04,0.7598,651,Stesen LRT Muhibbah ~Pearl Point
U6520,2026-04-29,2026-04,0.8985,652,Stesen LRT Awan Besar ~Batu 3 Jalan Klang Lama
U7508,2026-04-29,2026-04,0.9436,750,Hab Sekysen 2 ~ Hab Pasar Seni
U7510,2026-04-29,2026-04,0.7575,751,Taman Sri Muda ~ Hab Pasar Seni
U7520,2026-04-29,2026-04,0.7891,752,Stesen LRT Putra Height ~ Hentian Bandar Shah Alam
U7538,2026-04-29,2026-04,0.9489,753,Hentian Bandar Shah Alam ~ UiTM Puncak Alam
U7548,2026-04-29,2026-04,0.6453,754,LRT Stadium Shah Alam ~ UITM Puncak Perdana
U7700,2026-04-29,2026-04,0.5778,770,Subang Mewah USJ 1 ~ Hab Pasar Seni
U7718,2026-04-29,2026-04,0.7141,771,Subang Mewah USJ 1 ~ Desa Mentari via Persiaran Tujuan
U7720,2026-04-29,2026-04,0.8064,772,Subang Suria Mah Sing ~ Hab Pasar Seni
U7800,2026-04-29,2026-04,0.8757,780,Kota Damansara ~ Hab Pasar Seni
U7828,2026-04-29,2026-04,0.8703,782,Hentian PJ Old Town ~ Hab Pasar Seni
U7830,2026-04-29,2026-04,0.4235,783,Stesen LRT Kelana Jaya ~ Subang Parade
U8210,2026-04-29,2026-04,0.8318,821,Pantai Hill Park ~ Hab Pasar Seni
U8220,2026-04-29,2026-04,0,822,Stesen LRT Bangsar ~ Bangsar Shopping Centre
P1080,2026-04-30,2026-04,0.7828,P108,Terminal Putrajaya Sentral ~ Kompleks ABCDE
S6060,2026-04-30,2026-04,0,PAVILION BUKIT JALIL (PAVBJ),Stesen LRT Awan Besar ~ Pavilion Bukit Jalil
T2000,2026-04-30,2026-04,0.843,T200,Stesen LRT Gombak ~ UIA Gombak
T2010,2026-04-30,2026-04,0.9127,T201,Stesen LRT Gombak ~ Hab Wira Damai
T2230,2026-04-30,2026-04,0.9894,T223,"Stesen LRT Setiawangsa ~ AU3, Jentayu, Keramat"
T2240,2026-04-30,2026-04,0,T224,Stesen LRT Dato Keramat ~ Desa Pandan
T2500,2026-04-30,2026-04,0.8214,T250,Stesen LRT Wangsa Maju ~ Setapak Sentral
T2510,2026-04-30,2026-04,0.742,T251,Stesen LRT Sri Rampai ~ Seksyen 10 Wangsa Maju
T3008,2026-04-30,2026-04,0.7988,T300,Bukit Indah ~ Ampang Point via Jalan Rasmi
T3018,2026-04-30,2026-04,0.8569,T301,Taman Mulia Jaya ~ Ampang Point via Jalan Merdeka
T3028,2026-04-30,2026-04,0.8629,T302,Hutan Lipur Ampang ~ Ampang Point
T3048,2026-04-30,2026-04,0.5681,T304,Bukit Indah ~ Ampang Point via Jalan Ampang
T3500,2026-04-30,2026-04,0.751,T350,Stesen LRT Cempaka ~ Taman Mawar
T4068,2026-04-30,2026-04,0.8734,T406,Cheras Batu 10 ~ Pangsun
T5718,2026-04-30,2026-04,0.8365,T571,Stesen KTM Serdang ~ Taman Sri Pulai
T5800,2026-04-30,2026-04,0.4014,T580,Stesen LRT Awan Besar ~ TPM via Stesen LRT Bukit Jalil
T5810,2026-04-30,2026-04,0.8496,T581,Stesen LRT Alam Sutera ~ PPR Pinggiran Bukit Jalil
T6000,2026-04-30,2026-04,0.6753,T600,Stesen LRT IOI Puchong ~ Taman Wawasan
T6010,2026-04-30,2026-04,0.9592,T601,Puchong Utama ~ Puchong Prima
T6030,2026-04-30,2026-04,0.3254,T603,Stesen LRT Puchong Prima ~ Taman Mas Sepang
T6040,2026-04-30,2026-04,0.8668,T604,Stesen LRT Perindustrian Puchong ~ Taman Kinrara
T6050,2026-04-30,2026-04,0.9624,T605,Stesen LRT Bandar Puteri ~ Taman Wawasan
T6400,2026-04-30,2026-04,0.6718,T640,Stesen LRT Taman Jaya ~ Taman Sri Sentosa
T7158,2026-04-30,2026-04,0.6815,T715,UiTM Puncak Alam ~ Bandar Puncak Alam
T7568,2026-04-30,2026-04,0.9254,T756,Kemuning Business Park ~ Hentian Bandar via Taman Muda
T7740,2026-04-30,2026-04,0.6718,T774,"Stesen LRT Glenmarie ~ MSU, Stadium Shah Alam"
T7800,2026-04-30,2026-04,0,T780,Stesen LRT BU 11 ~ Stesen LRT Kelana Jaya
T7810,2026-04-30,2026-04,0.5409,T781,Stesen LRT Kelana Jaya ~ Stesen LRT Subang
T7820,2026-04-30,2026-04,0.8901,T782,Stesen LRT Lembah Subang ~ Ara Damansara
T7860,2026-04-30,2026-04,0.3883,T786,Stesen LRT Asia Jaya ~ Stesen MRT Phileo Damansara
T7870,2026-04-30,2026-04,0.9639,T787,Stesen LRT Asia Jaya ~ Seksyen 14 & 18
T7880,2026-04-30,2026-04,0,T788,Stesen LRT Universiti ~ Mid Valley
T7890,2026-04-30,2026-04,0.4722,T789,Stesen LRT Universiti ~ Universiti Malaya via Pantai Hillpark
U1510,2026-04-30,2026-04,0.657,151,Bandar Baru Selayang ~ Hab Pasar Seni
U1710,2026-04-30,2026-04,0,171,Hab Wira Damai ~ Lebuh Ampang via Sentul
U1730,2026-04-30,2026-04,0,173,Taman Jasa Utama ~ Lebuh Ampang
U1800,2026-04-30,2026-04,0.792,180,Taman Dato' Senu ~ Hab Pasar Seni
U1900,2026-04-30,2026-04,0.9436,190,Desa Sri Hartamas ~ Lin Ho Jln Lekiu
U2000,2026-04-30,2026-04,0.3757,200,UIA Gombak ~ SOGO KL
U2018,2026-04-30,2026-04,1,201,Batu 12 Gombak – SOGO KL
U2020,2026-04-30,2026-04,0.7741,202,Hub Wira Damai ~ Lebuh Ampang via Gombak
U2200,2026-04-30,2026-04,0,220,Taman Melawati ~ Lebuh Ampang
U2220,2026-04-30,2026-04,0.6238,222,Taman Melawati ~ Stesen LRT Wangsa Maju
U2500,2026-04-30,2026-04,0.7885,250,Stesen LRT Wangsa Maju ~ Lebuh Ampang
U2510,2026-04-30,2026-04,0.9021,251,AU3 Jentayu ~ Chow Kit
U2538,2026-04-30,2026-04,0.5884,253,Stesen LRT Wangsa Maju ~ Ampang Point
U2548,2026-04-30,2026-04,0.874,254,Ayer Panas ~ Titiwangsa via Chowkit
U3000,2026-04-30,2026-04,0.7001,300,Terminal Maluri ~ Lebuh Ampang
U3020,2026-04-30,2026-04,0.918,302,Titiwangsa ~ KLCC
U3030,2026-04-30,2026-04,0.8672,303,Taman Mulia Jaya ~ Lebuh Ampang
U4000,2026-04-30,2026-04,0.9446,400,Damai Perdana ~ Hab Pasar Seni via Bukit Bintang
U4200,2026-04-30,2026-04,0.8731,420,Hentian Taman Dagang ~ Menara Maybank via Bukit Bintang
U4210,2026-04-30,2026-04,0.6951,421,Hentian Taman Dagang ~ Menara Maybank via Bukit Bintang
U4500,2026-04-30,2026-04,0.7994,450,Hentian Kajang ~ Hab Pasar Seni
U5800,2026-04-30,2026-04,0.7391,580,Desa Petaling ~ Pasar Seni via Stesen LRT Salak Selatan
U5810,2026-04-30,2026-04,0.4974,581,Desa Tasik ~ Stesen LRT Bandar Tasik Selatan
U5900,2026-04-30,2026-04,0.6786,590,Bandar Sungai Long ~ Hab Pasar Seni
U6000,2026-04-30,2026-04,0.6287,600,Puchong Utama ~ Hab Pasar Seni
U6400,2026-04-30,2026-04,0.8994,640,Hab Bas Sri Manja ~ Hab Pasar Seni
U6418,2026-04-30,2026-04,0.8353,641,Stesen LRT Subang Jaya ~ Pearl Point
U6500,2026-04-30,2026-04,0.8573,650,Taman Desa ~ Hab Pasar Seni
U6510,2026-04-30,2026-04,0.7209,651,Stesen LRT Muhibbah ~Pearl Point
U6520,2026-04-30,2026-04,0.8032,652,Stesen LRT Awan Besar ~Batu 3 Jalan Klang Lama
U7508,2026-04-30,2026-04,0.7886,750,Hab Sekysen 2 ~ Hab Pasar Seni
U7510,2026-04-30,2026-04,0.577,751,Taman Sri Muda ~ Hab Pasar Seni
U7520,2026-04-30,2026-04,0.8204,752,Stesen LRT Putra Height ~ Hentian Bandar Shah Alam
U7538,2026-04-30,2026-04,0.913,753,Hentian Bandar Shah Alam ~ UiTM Puncak Alam
U7548,2026-04-30,2026-04,0.5865,754,LRT Stadium Shah Alam ~ UITM Puncak Perdana
U7700,2026-04-30,2026-04,0.504,770,Subang Mewah USJ 1 ~ Hab Pasar Seni
U7718,2026-04-30,2026-04,0.7471,771,Subang Mewah USJ 1 ~ Desa Mentari via Persiaran Tujuan
U7720,2026-04-30,2026-04,0.761,772,Subang Suria Mah Sing ~ Hab Pasar Seni
U7800,2026-04-30,2026-04,0.8012,780,Kota Damansara ~ Hab Pasar Seni
U7828,2026-04-30,2026-04,0.7663,782,Hentian PJ Old Town ~ Hab Pasar Seni
U7830,2026-04-30,2026-04,0.4863,783,Stesen LRT Kelana Jaya ~ Subang Parade
U8210,2026-04-30,2026-04,0.7894,821,Pantai Hill Park ~ Hab Pasar Seni
U8220,2026-04-30,2026-04,0.3383,822,Stesen LRT Bangsar ~ Bangsar Shopping Centre
